Comment: ,,,
Version: 2.4 [3.0.9089],,,
File Name: C:\Users\Mesa3\Documents\PMizero\20250707\SR-3500_SN20880T4_00011.sed,,,
Instrument: SR-3500_SN20880T4 [3],,,
"Detectors: 512,256,256",,,
Measurement: REFLECTANCE,,,
"Date: 07/07/2025,07/07/2025",,,
"Time: 11:10:37.54,11:12:36.76",,,
"Temperature (C): 25.17,8.81,-5.44,26.05,8.94,-5.37",,,
"Battery Voltage: 7.84,7.85",,,
"Averages: 10,10",,,
"Integration: 3,50,30,20,50,30",,,
"Dark Mode: AUTO,AUTO",,,
"Foreoptic: FIBR15 {RADIANCE},FIBR15 {RADIANCE}",,,
Radiometric Calibration: RADIANCE,,,
Units: W/m^2/sr/nm,,,
"Wavelength Range: 350,2500",,,
Latitude: 31° 28.48181'N,,,
Longitude: 83° 31.58395'W,,,
Altitude: 111.100m,,,
GPS Time: 161109.00,,,
Satellites: 12/14,,,
Calibrated Reference Correction File: none,,,
Channels: 2151,,,
Columns [4]:,,,
Data:,,,
Wvl,Rad. (Ref.),Rad. (Target),Reflect. %
350,8.38E-02,1.61E-03,1.898
351,8.65E-02,1.65E-03,1.8985
352,8.98E-02,1.70E-03,1.899
353,9.23E-02,1.74E-03,1.8996
354,9.37E-02,1.77E-03,1.9002
355,9.43E-02,1.78E-03,1.9007
356,9.46E-02,1.79E-03,1.9013
357,9.50E-02,1.81E-03,1.9023
358,9.57E-02,1.83E-03,1.9039
359,9.72E-02,1.87E-03,1.9062
360,1.00E-01,1.94E-03,1.9094
361,1.05E-01,2.03E-03,1.9133
362,1.12E-01,2.15E-03,1.9181
363,1.18E-01,2.26E-03,1.9234
364,1.24E-01,2.38E-03,1.9292
365,1.29E-01,2.49E-03,1.9355
366,1.35E-01,2.61E-03,1.9425
367,1.40E-01,2.72E-03,1.9503
368,1.44E-01,2.79E-03,1.9589
369,1.44E-01,2.82E-03,1.9683
370,1.43E-01,2.80E-03,1.9787
371,1.39E-01,2.75E-03,1.9901
372,1.35E-01,2.71E-03,2.0025
373,1.34E-01,2.71E-03,2.0159
374,1.35E-01,2.75E-03,2.0303
375,1.39E-01,2.86E-03,2.0457
376,1.44E-01,3.00E-03,2.0621
377,1.53E-01,3.19E-03,2.0793
378,1.59E-01,3.33E-03,2.0973
379,1.59E-01,3.34E-03,2.1158
380,1.52E-01,3.23E-03,2.1349
381,1.42E-01,3.05E-03,2.1547
382,1.34E-01,2.91E-03,2.1751
383,1.29E-01,2.85E-03,2.1958
384,1.29E-01,2.88E-03,2.217
385,1.32E-01,2.98E-03,2.2385
386,1.39E-01,3.15E-03,2.2604
387,1.47E-01,3.37E-03,2.2823
388,1.56E-01,3.59E-03,2.3042
389,1.63E-01,3.78E-03,2.3259
390,1.65E-01,3.86E-03,2.3475
391,1.64E-01,3.85E-03,2.369
392,1.60E-01,3.79E-03,2.3904
393,1.54E-01,3.70E-03,2.4117
394,1.50E-01,3.64E-03,2.4326
395,1.50E-01,3.70E-03,2.453
396,1.59E-01,3.96E-03,2.4727
397,1.74E-01,4.37E-03,2.4919
398,1.90E-01,4.81E-03,2.5106
399,2.06E-01,5.27E-03,2.5294
400,2.22E-01,5.71E-03,2.5483
401,2.36E-01,6.09E-03,2.5674
402,2.43E-01,6.30E-03,2.587
403,2.49E-01,6.47E-03,2.6067
404,2.53E-01,6.62E-03,2.6263
405,2.56E-01,6.73E-03,2.6458
406,2.58E-01,6.83E-03,2.6652
407,2.60E-01,6.93E-03,2.6847
408,2.62E-01,7.06E-03,2.704
409,2.65E-01,7.20E-03,2.7235
410,2.68E-01,7.37E-03,2.7434
411,2.73E-01,7.56E-03,2.7641
412,2.78E-01,7.75E-03,2.7857
413,2.82E-01,7.93E-03,2.8078
414,2.85E-01,8.07E-03,2.8307
415,2.86E-01,8.18E-03,2.8546
416,2.86E-01,8.24E-03,2.8795
417,2.85E-01,8.28E-03,2.9057
418,2.84E-01,8.33E-03,2.9327
419,2.85E-01,8.44E-03,2.9601
420,2.87E-01,8.58E-03,2.9879
421,2.89E-01,8.70E-03,3.016
422,2.88E-01,8.77E-03,3.0442
423,2.87E-01,8.81E-03,3.0726
424,2.85E-01,8.85E-03,3.1015
425,2.85E-01,8.92E-03,3.1308
426,2.84E-01,8.96E-03,3.1608
427,2.80E-01,8.92E-03,3.1912
428,2.72E-01,8.73E-03,3.2221
429,2.59E-01,8.39E-03,3.2534
430,2.52E-01,8.28E-03,3.2849
431,2.58E-01,8.59E-03,3.3167
432,2.75E-01,9.23E-03,3.3487
433,2.90E-01,9.79E-03,3.3809
434,2.99E-01,1.02E-02,3.4131
435,3.07E-01,1.06E-02,3.4452
436,3.13E-01,1.09E-02,3.4772
437,3.14E-01,1.10E-02,3.5089
438,3.10E-01,1.10E-02,3.5405
439,3.09E-01,1.11E-02,3.5721
440,3.16E-01,1.14E-02,3.6034
441,3.27E-01,1.19E-02,3.6346
442,3.37E-01,1.23E-02,3.6653
443,3.43E-01,1.26E-02,3.6954
444,3.44E-01,1.28E-02,3.7249
445,3.44E-01,1.29E-02,3.7539
446,3.46E-01,1.31E-02,3.782
447,3.53E-01,1.35E-02,3.8095
448,3.62E-01,1.39E-02,3.8366
449,3.71E-01,1.43E-02,3.8634
450,3.75E-01,1.46E-02,3.8894
451,3.73E-01,1.46E-02,3.9145
452,3.67E-01,1.45E-02,3.9389
453,3.61E-01,1.43E-02,3.9627
454,3.62E-01,1.45E-02,3.9858
455,3.67E-01,1.48E-02,4.0085
456,3.74E-01,1.51E-02,4.0307
457,3.77E-01,1.53E-02,4.0526
458,3.77E-01,1.53E-02,4.074
459,3.76E-01,1.54E-02,4.0948
460,3.79E-01,1.56E-02,4.1149
461,3.83E-01,1.58E-02,4.135
462,3.87E-01,1.61E-02,4.1553
463,3.86E-01,1.61E-02,4.1762
464,3.83E-01,1.61E-02,4.1974
465,3.79E-01,1.60E-02,4.2187
466,3.77E-01,1.60E-02,4.24
467,3.76E-01,1.60E-02,4.2614
468,3.78E-01,1.62E-02,4.2831
469,3.77E-01,1.62E-02,4.3049
470,3.78E-01,1.64E-02,4.3267
471,3.81E-01,1.66E-02,4.349
472,3.88E-01,1.70E-02,4.372
473,3.94E-01,1.73E-02,4.3959
474,3.96E-01,1.74E-02,4.4203
475,3.91E-01,1.74E-02,4.4452
476,3.85E-01,1.72E-02,4.4706
477,3.80E-01,1.71E-02,4.4965
478,3.83E-01,1.74E-02,4.5234
479,3.89E-01,1.77E-02,4.5509
480,3.95E-01,1.81E-02,4.579
481,3.99E-01,1.83E-02,4.6076
482,3.99E-01,1.85E-02,4.6369
483,3.96E-01,1.84E-02,4.6668
484,3.83E-01,1.80E-02,4.6972
485,3.69E-01,1.74E-02,4.7281
486,3.55E-01,1.69E-02,4.7595
487,3.57E-01,1.71E-02,4.7912
488,3.66E-01,1.77E-02,4.8236
489,3.78E-01,1.84E-02,4.8566
490,3.83E-01,1.87E-02,4.89
491,3.83E-01,1.88E-02,4.9235
492,3.80E-01,1.88E-02,4.9572
493,3.83E-01,1.91E-02,4.9913
494,3.87E-01,1.95E-02,5.0261
495,3.91E-01,1.98E-02,5.0619
496,3.91E-01,1.99E-02,5.0982
497,3.89E-01,2.00E-02,5.1346
498,3.86E-01,1.99E-02,5.1709
499,3.81E-01,1.98E-02,5.207
500,3.77E-01,1.97E-02,5.2429
501,3.73E-01,1.97E-02,5.2787
502,3.71E-01,1.97E-02,5.3142
503,3.72E-01,1.99E-02,5.3498
504,3.76E-01,2.03E-02,5.3857
505,3.81E-01,2.07E-02,5.4222
506,3.83E-01,2.09E-02,5.459
507,3.83E-01,2.10E-02,5.4959
508,3.82E-01,2.11E-02,5.5329
509,3.82E-01,2.13E-02,5.5698
510,3.85E-01,2.16E-02,5.6065
511,3.85E-01,2.17E-02,5.6432
512,3.83E-01,2.17E-02,5.6802
513,3.78E-01,2.16E-02,5.7173
514,3.74E-01,2.15E-02,5.7545
515,3.67E-01,2.12E-02,5.7917
516,3.56E-01,2.07E-02,5.829
517,3.46E-01,2.03E-02,5.8662
518,3.47E-01,2.05E-02,5.9036
519,3.55E-01,2.11E-02,5.9412
520,3.66E-01,2.19E-02,5.9788
521,3.72E-01,2.24E-02,6.0165
522,3.74E-01,2.27E-02,6.0546
523,3.78E-01,2.30E-02,6.0925
524,3.80E-01,2.33E-02,6.1301
525,3.78E-01,2.33E-02,6.1674
526,3.70E-01,2.30E-02,6.205
527,3.69E-01,2.31E-02,6.243
528,3.75E-01,2.36E-02,6.2813
529,3.86E-01,2.44E-02,6.3197
530,3.91E-01,2.49E-02,6.3581
531,3.90E-01,2.50E-02,6.3966
532,3.86E-01,2.48E-02,6.4353
533,3.84E-01,2.49E-02,6.4742
534,3.85E-01,2.51E-02,6.5131
535,3.90E-01,2.55E-02,6.5523
536,3.91E-01,2.58E-02,6.592
537,3.90E-01,2.58E-02,6.6322
538,3.87E-01,2.58E-02,6.6727
539,3.81E-01,2.55E-02,6.7133
540,3.75E-01,2.53E-02,6.7543
541,3.71E-01,2.52E-02,6.7952
542,3.73E-01,2.55E-02,6.8362
543,3.76E-01,2.59E-02,6.8772
544,3.79E-01,2.62E-02,6.9184
545,3.81E-01,2.65E-02,6.9601
546,3.81E-01,2.67E-02,7.0023
547,3.80E-01,2.68E-02,7.0447
548,3.80E-01,2.70E-02,7.0872
549,3.81E-01,2.72E-02,7.1296
550,3.83E-01,2.75E-02,7.1722
551,3.82E-01,2.76E-02,7.215
552,3.82E-01,2.77E-02,7.2579
553,3.83E-01,2.79E-02,7.3006
554,3.84E-01,2.82E-02,7.3429
555,3.83E-01,2.83E-02,7.3851
556,3.81E-01,2.83E-02,7.4271
557,3.76E-01,2.81E-02,7.469
558,3.72E-01,2.79E-02,7.5108
559,3.70E-01,2.79E-02,7.5528
560,3.71E-01,2.82E-02,7.5949
561,3.74E-01,2.86E-02,7.6371
562,3.76E-01,2.89E-02,7.6789
563,3.76E-01,2.90E-02,7.7205
564,3.75E-01,2.91E-02,7.7619
565,3.74E-01,2.92E-02,7.8034
566,3.72E-01,2.92E-02,7.8446
567,3.71E-01,2.92E-02,7.8857
568,3.69E-01,2.93E-02,7.9268
569,3.66E-01,2.92E-02,7.9677
570,3.64E-01,2.91E-02,8.0087
571,3.65E-01,2.94E-02,8.0497
572,3.68E-01,2.98E-02,8.09
573,3.73E-01,3.03E-02,8.1294
574,3.72E-01,3.04E-02,8.1683
575,3.71E-01,3.04E-02,8.2071
576,3.70E-01,3.05E-02,8.246
577,3.69E-01,3.06E-02,8.285
578,3.69E-01,3.07E-02,8.3239
579,3.70E-01,3.09E-02,8.3623
580,3.73E-01,3.13E-02,8.4005
581,3.76E-01,3.17E-02,8.4388
582,3.78E-01,3.20E-02,8.4769
583,3.79E-01,3.23E-02,8.515
584,3.77E-01,3.23E-02,8.553
585,3.73E-01,3.21E-02,8.5907
586,3.69E-01,3.19E-02,8.6283
587,3.61E-01,3.12E-02,8.6659
588,3.49E-01,3.03E-02,8.7034
589,3.35E-01,2.92E-02,8.7412
590,3.32E-01,2.92E-02,8.7791
591,3.37E-01,2.98E-02,8.817
592,3.46E-01,3.06E-02,8.8549
593,3.47E-01,3.08E-02,8.8926
594,3.47E-01,3.10E-02,8.9304
595,3.48E-01,3.12E-02,8.9683
596,3.51E-01,3.16E-02,9.0063
597,3.54E-01,3.20E-02,9.0444
598,3.56E-01,3.23E-02,9.0826
599,3.57E-01,3.26E-02,9.1208
600,3.58E-01,3.28E-02,9.1588
601,3.58E-01,3.29E-02,9.1969
602,3.59E-01,3.31E-02,9.2352
603,3.62E-01,3.35E-02,9.2734
604,3.64E-01,3.39E-02,9.3118
605,3.65E-01,3.41E-02,9.3498
606,3.64E-01,3.42E-02,9.3872
607,3.63E-01,3.42E-02,9.4247
608,3.61E-01,3.42E-02,9.4627
609,3.59E-01,3.41E-02,9.5011
610,3.58E-01,3.42E-02,9.5393
611,3.57E-01,3.42E-02,9.5776
612,3.56E-01,3.42E-02,9.6157
613,3.54E-01,3.42E-02,9.6539
614,3.52E-01,3.41E-02,9.6924
615,3.50E-01,3.40E-02,9.7309
616,3.48E-01,3.40E-02,9.7695
617,3.48E-01,3.42E-02,9.8082
618,3.51E-01,3.45E-02,9.8471
619,3.55E-01,3.51E-02,9.8861
620,3.56E-01,3.53E-02,9.9254
621,3.55E-01,3.54E-02,9.965
622,3.54E-01,3.54E-02,10.0049
623,3.50E-01,3.52E-02,10.045
624,3.48E-01,3.51E-02,10.085
625,3.46E-01,3.50E-02,10.1252
626,3.44E-01,3.50E-02,10.1656
627,3.43E-01,3.50E-02,10.2063
628,3.42E-01,3.50E-02,10.2474
629,3.40E-01,3.49E-02,10.289
630,3.39E-01,3.51E-02,10.3306
631,3.40E-01,3.52E-02,10.3719
632,3.41E-01,3.55E-02,10.4131
633,3.42E-01,3.57E-02,10.4545
634,3.43E-01,3.60E-02,10.496
635,3.44E-01,3.62E-02,10.5379
636,3.44E-01,3.64E-02,10.5803
637,3.45E-01,3.67E-02,10.6234
638,3.46E-01,3.69E-02,10.6667
639,3.45E-01,3.69E-02,10.7097
640,3.42E-01,3.68E-02,10.7518
641,3.41E-01,3.68E-02,10.7939
642,3.41E-01,3.69E-02,10.8364
643,3.42E-01,3.72E-02,10.8798
644,3.41E-01,3.72E-02,10.9235
645,3.37E-01,3.69E-02,10.9675
646,3.31E-01,3.65E-02,11.0116
647,3.25E-01,3.59E-02,11.0557
648,3.21E-01,3.56E-02,11.1002
649,3.20E-01,3.57E-02,11.145
650,3.23E-01,3.61E-02,11.19
651,3.26E-01,3.66E-02,11.2354
652,3.28E-01,3.70E-02,11.281
653,3.28E-01,3.71E-02,11.3268
654,3.25E-01,3.69E-02,11.3728
655,3.13E-01,3.57E-02,11.419
656,3.03E-01,3.47E-02,11.4653
657,3.02E-01,3.48E-02,11.5116
658,3.16E-01,3.65E-02,11.5583
659,3.28E-01,3.81E-02,11.6054
660,3.34E-01,3.89E-02,11.6528
661,3.37E-01,3.95E-02,11.7005
662,3.39E-01,3.98E-02,11.7486
663,3.39E-01,4.00E-02,11.7968
664,3.38E-01,4.01E-02,11.8451
665,3.38E-01,4.02E-02,11.8934
666,3.38E-01,4.04E-02,11.9423
667,3.38E-01,4.05E-02,11.9918
668,3.38E-01,4.07E-02,12.0421
669,3.38E-01,4.09E-02,12.0933
670,3.37E-01,4.10E-02,12.1444
671,3.36E-01,4.09E-02,12.1943
672,3.35E-01,4.10E-02,12.2428
673,3.35E-01,4.12E-02,12.2921
674,3.36E-01,4.14E-02,12.3419
675,3.36E-01,4.16E-02,12.3932
676,3.36E-01,4.18E-02,12.4459
677,3.35E-01,4.19E-02,12.4987
678,3.35E-01,4.21E-02,12.5507
679,3.35E-01,4.22E-02,12.6028
680,3.34E-01,4.23E-02,12.656
681,3.34E-01,4.24E-02,12.7102
682,3.33E-01,4.25E-02,12.7652
683,3.31E-01,4.24E-02,12.8202
684,3.29E-01,4.23E-02,12.8751
685,3.22E-01,4.16E-02,12.9301
686,3.05E-01,3.95E-02,12.9853
687,2.87E-01,3.73E-02,13.0407
688,2.78E-01,3.65E-02,13.0967
689,2.80E-01,3.69E-02,13.153
690,2.89E-01,3.82E-02,13.2097
691,2.93E-01,3.89E-02,13.2669
692,2.93E-01,3.90E-02,13.3242
693,2.88E-01,3.86E-02,13.382
694,2.83E-01,3.81E-02,13.4402
695,2.86E-01,3.86E-02,13.4988
696,2.93E-01,3.98E-02,13.5577
697,3.01E-01,4.10E-02,13.617
698,3.01E-01,4.12E-02,13.6773
699,2.96E-01,4.07E-02,13.7387
700,2.90E-01,3.99E-02,13.8008
701,2.87E-01,3.97E-02,13.8615
702,2.88E-01,4.01E-02,13.9193
703,2.92E-01,4.08E-02,13.9741
704,2.97E-01,4.17E-02,14.0271
705,3.00E-01,4.23E-02,14.0815
706,3.02E-01,4.27E-02,14.1385
707,3.03E-01,4.31E-02,14.1973
708,3.05E-01,4.35E-02,14.2543
709,3.07E-01,4.39E-02,14.3105
710,3.08E-01,4.42E-02,14.3664
711,3.08E-01,4.45E-02,14.4219
712,3.08E-01,4.46E-02,14.4775
713,3.06E-01,4.46E-02,14.5337
714,3.04E-01,4.43E-02,14.5899
715,2.93E-01,4.29E-02,14.6452
716,2.73E-01,4.00E-02,14.7004
717,2.45E-01,3.60E-02,14.7563
718,2.17E-01,3.20E-02,14.8134
719,2.04E-01,3.02E-02,14.8716
720,2.10E-01,3.15E-02,14.9301
721,2.30E-01,3.46E-02,14.9889
722,2.46E-01,3.71E-02,15.0483
723,2.46E-01,3.71E-02,15.108
724,2.33E-01,3.52E-02,15.1682
725,2.24E-01,3.41E-02,15.2287
726,2.23E-01,3.41E-02,15.29
727,2.25E-01,3.46E-02,15.3524
728,2.27E-01,3.50E-02,15.4153
729,2.28E-01,3.52E-02,15.4784
730,2.30E-01,3.57E-02,15.542
731,2.37E-01,3.69E-02,15.6064
732,2.50E-01,3.92E-02,15.6711
733,2.66E-01,4.20E-02,15.7348
734,2.77E-01,4.38E-02,15.7969
735,2.81E-01,4.46E-02,15.8567
736,2.82E-01,4.48E-02,15.9158
737,2.84E-01,4.53E-02,15.9765
738,2.87E-01,4.60E-02,16.0399
739,2.90E-01,4.66E-02,16.1047
740,2.92E-01,4.72E-02,16.1692
741,2.96E-01,4.80E-02,16.2341
742,2.99E-01,4.87E-02,16.3022
743,3.02E-01,4.94E-02,16.3709
744,3.05E-01,5.00E-02,16.4333
745,3.06E-01,5.04E-02,16.486
746,3.07E-01,5.07E-02,16.5392
747,3.08E-01,5.10E-02,16.5915
748,3.07E-01,5.12E-02,16.643
749,3.07E-01,5.12E-02,16.6952
750,3.05E-01,5.12E-02,16.7554
751,3.05E-01,5.13E-02,16.8124
752,3.05E-01,5.15E-02,16.8687
753,3.05E-01,5.18E-02,16.9214
754,3.06E-01,5.20E-02,16.9757
755,3.05E-01,5.21E-02,17.0258
756,3.05E-01,5.22E-02,17.0759
757,3.01E-01,5.17E-02,17.1204
758,2.87E-01,4.93E-02,17.164
759,2.34E-01,4.00E-02,17.2027
760,1.75E-01,2.98E-02,17.262
761,1.36E-01,2.35E-02,17.3335
762,1.33E-01,2.33E-02,17.4244
763,1.55E-01,2.72E-02,17.5094
764,1.69E-01,2.97E-02,17.5876
765,1.89E-01,3.35E-02,17.6599
766,2.20E-01,3.92E-02,17.731
767,2.51E-01,4.47E-02,17.7981
768,2.71E-01,4.85E-02,17.8692
769,2.83E-01,5.08E-02,17.9357
770,2.89E-01,5.21E-02,17.9988
771,2.92E-01,5.27E-02,18.0642
772,2.94E-01,5.32E-02,18.1276
773,2.94E-01,5.34E-02,18.1956
774,2.94E-01,5.35E-02,18.2634
775,2.93E-01,5.37E-02,18.3305
776,2.94E-01,5.39E-02,18.3945
777,2.94E-01,5.41E-02,18.4504
778,2.94E-01,5.42E-02,18.5003
779,2.93E-01,5.43E-02,18.5508
780,2.93E-01,5.44E-02,18.6086
781,2.92E-01,5.46E-02,18.6655
782,2.92E-01,5.46E-02,18.723
783,2.91E-01,5.46E-02,18.782
784,2.90E-01,5.46E-02,18.8433
785,2.88E-01,5.45E-02,18.9043
786,2.86E-01,5.42E-02,18.9647
787,2.82E-01,5.35E-02,19.0246
788,2.77E-01,5.27E-02,19.0833
789,2.72E-01,5.19E-02,19.1417
790,2.69E-01,5.15E-02,19.2011
791,2.67E-01,5.14E-02,19.2607
792,2.67E-01,5.15E-02,19.3203
793,2.67E-01,5.18E-02,19.3808
794,2.67E-01,5.19E-02,19.4412
795,2.66E-01,5.18E-02,19.5018
796,2.64E-01,5.16E-02,19.5629
797,2.64E-01,5.17E-02,19.6238
798,2.65E-01,5.21E-02,19.6835
799,2.66E-01,5.24E-02,19.7416
800,2.62E-01,5.18E-02,19.7975
801,2.59E-01,5.13E-02,19.8516
802,2.58E-01,5.13E-02,19.9046
803,2.58E-01,5.13E-02,19.9578
804,2.58E-01,5.16E-02,20.0131
805,2.62E-01,5.25E-02,20.0692
806,2.64E-01,5.32E-02,20.1235
807,2.65E-01,5.34E-02,20.1735
808,2.62E-01,5.30E-02,20.2221
809,2.57E-01,5.20E-02,20.2752
810,2.51E-01,5.09E-02,20.3296
811,2.43E-01,4.95E-02,20.3846
812,2.31E-01,4.72E-02,20.4385
813,2.17E-01,4.43E-02,20.4915
814,2.01E-01,4.11E-02,20.5452
815,1.86E-01,3.81E-02,20.5993
816,1.78E-01,3.66E-02,20.6535
817,1.75E-01,3.62E-02,20.7081
818,1.79E-01,3.70E-02,20.7632
819,1.88E-01,3.91E-02,20.8179
820,1.99E-01,4.16E-02,20.8737
821,2.04E-01,4.26E-02,20.9299
822,1.94E-01,4.05E-02,20.987
823,1.85E-01,3.89E-02,21.0458
824,1.90E-01,4.02E-02,21.1064
825,2.07E-01,4.39E-02,21.167
826,2.18E-01,4.63E-02,21.2269
827,2.10E-01,4.47E-02,21.2879
828,2.05E-01,4.36E-02,21.3486
829,2.03E-01,4.33E-02,21.4091
830,2.05E-01,4.39E-02,21.4691
831,2.09E-01,4.48E-02,21.5279
832,2.10E-01,4.53E-02,21.5849
833,2.12E-01,4.59E-02,21.6406
834,2.18E-01,4.72E-02,21.6956
835,2.25E-01,4.88E-02,21.7518
836,2.30E-01,5.01E-02,21.8091
837,2.34E-01,5.11E-02,21.8669
838,2.37E-01,5.19E-02,21.9233
839,2.40E-01,5.28E-02,21.9746
840,2.43E-01,5.34E-02,22.0251
841,2.45E-01,5.39E-02,22.0764
842,2.46E-01,5.43E-02,22.1306
843,2.46E-01,5.45E-02,22.1875
844,2.48E-01,5.50E-02,22.2411
845,2.49E-01,5.54E-02,22.2931
846,2.51E-01,5.60E-02,22.3443
847,2.51E-01,5.62E-02,22.3955
848,2.49E-01,5.57E-02,22.4484
849,2.44E-01,5.48E-02,22.4996
850,2.41E-01,5.41E-02,22.5488
851,2.39E-01,5.39E-02,22.5971
852,2.40E-01,5.41E-02,22.6452
853,2.33E-01,5.26E-02,22.6948
854,2.26E-01,5.12E-02,22.7447
855,2.27E-01,5.16E-02,22.7943
856,2.34E-01,5.36E-02,22.8453
857,2.45E-01,5.60E-02,22.8964
858,2.47E-01,5.66E-02,22.9467
859,2.47E-01,5.66E-02,22.9958
860,2.46E-01,5.66E-02,23.0451
861,2.46E-01,5.68E-02,23.0958
862,2.47E-01,5.70E-02,23.1459
863,2.47E-01,5.71E-02,23.1959
864,2.45E-01,5.67E-02,23.2457
865,2.37E-01,5.49E-02,23.2947
866,2.30E-01,5.34E-02,23.3425
867,2.28E-01,5.32E-02,23.3905
868,2.33E-01,5.45E-02,23.4399
869,2.40E-01,5.64E-02,23.4884
870,2.42E-01,5.68E-02,23.5351
871,2.42E-01,5.70E-02,23.5805
872,2.42E-01,5.70E-02,23.6258
873,2.41E-01,5.68E-02,23.6729
874,2.40E-01,5.67E-02,23.7229
875,2.39E-01,5.66E-02,23.7722
876,2.39E-01,5.67E-02,23.8211
877,2.39E-01,5.69E-02,23.8715
878,2.39E-01,5.70E-02,23.9197
879,2.37E-01,5.67E-02,23.9691
880,2.36E-01,5.64E-02,24.0156
881,2.34E-01,5.62E-02,24.0596
882,2.35E-01,5.64E-02,24.1008
883,2.36E-01,5.68E-02,24.1378
884,2.36E-01,5.69E-02,24.1731
885,2.34E-01,5.65E-02,24.2053
886,2.32E-01,5.61E-02,24.2352
887,2.30E-01,5.58E-02,24.2775
888,2.31E-01,5.60E-02,24.3123
889,2.31E-01,5.62E-02,24.3433
890,2.30E-01,5.60E-02,24.3752
891,2.26E-01,5.51E-02,24.4111
892,2.18E-01,5.33E-02,24.4419
893,2.08E-01,5.08E-02,24.4711
894,1.96E-01,4.78E-02,24.4963
895,1.81E-01,4.42E-02,24.5243
896,1.65E-01,4.03E-02,24.5626
897,1.54E-01,3.78E-02,24.602
898,1.44E-01,3.52E-02,24.6411
899,1.39E-01,3.42E-02,24.6768
900,1.36E-01,3.36E-02,24.7238
901,1.37E-01,3.39E-02,24.7618
902,1.47E-01,3.63E-02,24.805
903,1.59E-01,3.96E-02,24.8425
904,1.71E-01,4.27E-02,24.883
905,1.76E-01,4.39E-02,24.9228
906,1.65E-01,4.10E-02,24.9598
907,1.50E-01,3.74E-02,24.999
908,1.38E-01,3.43E-02,25.044
909,1.33E-01,3.33E-02,25.0768
910,1.34E-01,3.37E-02,25.1045
911,1.36E-01,3.43E-02,25.1189
912,1.36E-01,3.41E-02,25.1573
913,1.32E-01,3.31E-02,25.2023
914,1.28E-01,3.22E-02,25.2439
915,1.24E-01,3.12E-02,25.2657
916,1.29E-01,3.26E-02,25.3194
917,1.28E-01,3.23E-02,25.4097
918,1.38E-01,3.49E-02,25.5052
919,1.46E-01,3.73E-02,25.5671
920,1.58E-01,4.03E-02,25.6224
921,1.62E-01,4.15E-02,25.6094
922,1.60E-01,4.08E-02,25.5992
923,1.55E-01,3.96E-02,25.6208
924,1.51E-01,3.85E-02,25.5959
925,1.47E-01,3.76E-02,25.6163
926,1.42E-01,3.65E-02,25.6743
927,1.34E-01,3.42E-02,25.5981
928,1.17E-01,2.96E-02,25.4342
929,9.43E-02,2.37E-02,25.2226
930,7.48E-02,1.87E-02,25.0594
931,5.98E-02,1.48E-02,24.9275
932,4.47E-02,1.10E-02,24.7697
933,3.41E-02,8.31E-03,24.4632
934,2.83E-02,6.98E-03,24.7688
935,2.78E-02,6.81E-03,24.5691
936,3.00E-02,7.44E-03,24.8676
937,3.26E-02,8.19E-03,25.2058
938,4.04E-02,1.03E-02,25.6833
939,5.04E-02,1.30E-02,25.8202
940,5.77E-02,1.48E-02,25.7405
941,5.82E-02,1.48E-02,25.551
942,5.23E-02,1.34E-02,25.6004
943,4.70E-02,1.20E-02,25.5639
944,4.46E-02,1.13E-02,25.56
945,4.32E-02,1.10E-02,25.5765
946,4.40E-02,1.13E-02,25.659
947,4.59E-02,1.18E-02,25.8878
948,4.82E-02,1.25E-02,26.0004
949,5.00E-02,1.31E-02,26.1584
950,5.04E-02,1.33E-02,26.2189
951,5.24E-02,1.36E-02,26.2805
952,5.07E-02,1.32E-02,26.3188
953,5.31E-02,1.40E-02,26.3738
954,5.32E-02,1.39E-02,26.4115
955,5.71E-02,1.51E-02,26.4638
956,5.87E-02,1.55E-02,26.5274
957,6.21E-02,1.65E-02,26.5641
958,6.56E-02,1.74E-02,26.6064
959,6.64E-02,1.77E-02,26.6806
960,6.84E-02,1.82E-02,26.7866
961,7.20E-02,1.93E-02,26.8721
962,7.90E-02,2.12E-02,26.9691
963,8.40E-02,2.26E-02,27.0714
964,8.74E-02,2.37E-02,27.1581
965,9.34E-02,2.53E-02,27.2683
966,9.85E-02,2.68E-02,27.3592
967,1.11E-01,3.03E-02,27.4692
968,1.25E-01,3.46E-02,27.5672
969,1.33E-01,3.69E-02,27.6792
970,1.36E-01,3.75E-02,27.7867
971,1.44E-01,3.99E-02,27.8947
972,1.52E-01,4.20E-02,27.9973
973,1.59E-01,4.39E-02,28.0951
974,1.65E-01,4.59E-02,28.1907
975,1.72E-01,4.78E-02,28.2873
976,1.78E-01,4.96E-02,28.3751
977,1.82E-01,5.10E-02,28.4617
978,1.86E-01,5.22E-02,28.5398
979,1.88E-01,5.30E-02,28.6066
980,1.89E-01,5.33E-02,28.6858
981,1.88E-01,5.35E-02,28.7536
982,1.87E-01,5.33E-02,28.8042
983,1.84E-01,5.26E-02,28.8458
984,1.79E-01,5.16E-02,28.8786
985,1.75E-01,5.05E-02,28.9109
986,1.75E-01,5.06E-02,28.94
987,1.75E-01,5.06E-02,28.97
988,1.75E-01,5.07E-02,28.9963
989,1.75E-01,5.07E-02,29.0215
990,1.75E-01,5.08E-02,29.0434
991,1.75E-01,5.08E-02,29.0662
992,1.75E-01,5.09E-02,29.0848
993,1.75E-01,5.10E-02,29.1042
994,1.76E-01,5.11E-02,29.1243
995,1.76E-01,5.13E-02,29.1435
996,1.77E-01,5.15E-02,29.1665
997,1.77E-01,5.17E-02,29.192
998,1.77E-01,5.18E-02,29.2186
999,1.77E-01,5.18E-02,29.2459
1000,1.77E-01,5.18E-02,29.2766
1001,1.77E-01,5.18E-02,29.308
1002,1.77E-01,5.18E-02,29.3418
1003,1.76E-01,5.17E-02,29.3764
1004,1.76E-01,5.17E-02,29.4121
1005,1.76E-01,5.17E-02,29.4487
1006,1.76E-01,5.18E-02,29.4858
1007,1.76E-01,5.18E-02,29.5233
1008,1.76E-01,5.20E-02,29.5612
1009,1.76E-01,5.21E-02,29.5994
1010,1.76E-01,5.22E-02,29.6378
1011,1.76E-01,5.23E-02,29.6764
1012,1.76E-01,5.24E-02,29.7154
1013,1.76E-01,5.25E-02,29.7548
1014,1.76E-01,5.25E-02,29.7946
1015,1.76E-01,5.26E-02,29.8345
1016,1.76E-01,5.26E-02,29.8739
1017,1.76E-01,5.27E-02,29.9121
1018,1.76E-01,5.27E-02,29.949
1019,1.76E-01,5.27E-02,29.9844
1020,1.76E-01,5.27E-02,30.0186
1021,1.75E-01,5.27E-02,30.0519
1022,1.75E-01,5.26E-02,30.0844
1023,1.75E-01,5.26E-02,30.1164
1024,1.74E-01,5.26E-02,30.148
1025,1.74E-01,5.26E-02,30.1796
1026,1.74E-01,5.26E-02,30.2113
1027,1.74E-01,5.25E-02,30.2431
1028,1.73E-01,5.25E-02,30.2753
1029,1.73E-01,5.25E-02,30.3077
1030,1.73E-01,5.24E-02,30.3405
1031,1.73E-01,5.24E-02,30.3738
1032,1.72E-01,5.24E-02,30.4078
1033,1.72E-01,5.24E-02,30.4427
1034,1.72E-01,5.23E-02,30.4784
1035,1.71E-01,5.23E-02,30.515
1036,1.71E-01,5.23E-02,30.5519
1037,1.71E-01,5.23E-02,30.5891
1038,1.71E-01,5.22E-02,30.6264
1039,1.70E-01,5.22E-02,30.6637
1040,1.70E-01,5.22E-02,30.7011
1041,1.70E-01,5.21E-02,30.7385
1042,1.69E-01,5.21E-02,30.7761
1043,1.69E-01,5.20E-02,30.8138
1044,1.68E-01,5.20E-02,30.8517
1045,1.68E-01,5.19E-02,30.89
1046,1.68E-01,5.19E-02,30.9287
1047,1.67E-01,5.19E-02,30.9677
1048,1.67E-01,5.18E-02,31.0069
1049,1.67E-01,5.18E-02,31.0461
1050,1.66E-01,5.17E-02,31.085
1051,1.66E-01,5.17E-02,31.1236
1052,1.66E-01,5.16E-02,31.1621
1053,1.65E-01,5.15E-02,31.2003
1054,1.65E-01,5.14E-02,31.2382
1055,1.64E-01,5.13E-02,31.2757
1056,1.63E-01,5.11E-02,31.3126
1057,1.63E-01,5.10E-02,31.3489
1058,1.62E-01,5.09E-02,31.3846
1059,1.61E-01,5.07E-02,31.4199
1060,1.61E-01,5.06E-02,31.4549
1061,1.60E-01,5.04E-02,31.4896
1062,1.59E-01,5.03E-02,31.5239
1063,1.59E-01,5.01E-02,31.5576
1064,1.58E-01,5.00E-02,31.5906
1065,1.57E-01,4.98E-02,31.6227
1066,1.57E-01,4.96E-02,31.654
1067,1.56E-01,4.95E-02,31.6843
1068,1.55E-01,4.93E-02,31.7134
1069,1.55E-01,4.91E-02,31.7412
1070,1.54E-01,4.89E-02,31.768
1071,1.53E-01,4.88E-02,31.794
1072,1.53E-01,4.86E-02,31.8195
1073,1.52E-01,4.85E-02,31.8448
1074,1.52E-01,4.84E-02,31.8699
1075,1.51E-01,4.82E-02,31.895
1076,1.51E-01,4.81E-02,31.9202
1077,1.50E-01,4.78E-02,31.9458
1078,1.49E-01,4.76E-02,31.9718
1079,1.48E-01,4.73E-02,31.9982
1080,1.47E-01,4.70E-02,32.0251
1081,1.46E-01,4.67E-02,32.0526
1082,1.44E-01,4.63E-02,32.081
1083,1.43E-01,4.59E-02,32.1101
1084,1.42E-01,4.56E-02,32.1401
1085,1.41E-01,4.53E-02,32.1707
1086,1.40E-01,4.49E-02,32.2019
1087,1.38E-01,4.46E-02,32.2337
1088,1.37E-01,4.42E-02,32.2657
1089,1.35E-01,4.38E-02,32.298
1090,1.34E-01,4.33E-02,32.3306
1091,1.32E-01,4.27E-02,32.364
1092,1.30E-01,4.20E-02,32.3983
1093,1.27E-01,4.12E-02,32.4333
1094,1.24E-01,4.04E-02,32.4685
1095,1.22E-01,3.95E-02,32.5036
1096,1.19E-01,3.86E-02,32.5378
1097,1.16E-01,3.76E-02,32.5705
1098,1.12E-01,3.66E-02,32.6012
1099,1.09E-01,3.56E-02,32.6294
1100,1.06E-01,3.46E-02,32.6543
1101,1.03E-01,3.37E-02,32.6777
1102,1.00E-01,3.28E-02,32.6996
1103,9.73E-02,3.18E-02,32.7211
1104,9.42E-02,3.09E-02,32.7405
1105,9.13E-02,2.99E-02,32.7577
1106,8.82E-02,2.89E-02,32.7701
1107,8.48E-02,2.78E-02,32.7783
1108,8.09E-02,2.65E-02,32.7813
1109,7.66E-02,2.51E-02,32.779
1110,7.20E-02,2.36E-02,32.7686
1111,6.70E-02,2.20E-02,32.75
1112,6.16E-02,2.02E-02,32.7251
1113,5.57E-02,1.82E-02,32.6972
1114,4.97E-02,1.62E-02,32.6669
1115,4.41E-02,1.44E-02,32.6368
1116,3.90E-02,1.27E-02,32.6098
1117,3.41E-02,1.11E-02,32.5862
1118,2.96E-02,9.63E-03,32.5699
1119,2.58E-02,8.39E-03,32.5699
1120,2.27E-02,7.41E-03,32.5809
1121,2.04E-02,6.64E-03,32.6012
1122,1.85E-02,6.05E-03,32.6492
1123,1.71E-02,5.61E-03,32.7457
1124,1.62E-02,5.34E-03,32.9185
1125,1.58E-02,5.25E-03,33.1379
1126,1.58E-02,5.26E-03,33.3367
1127,1.58E-02,5.30E-03,33.4848
1128,1.61E-02,5.40E-03,33.5672
1129,1.66E-02,5.57E-03,33.6025
1130,1.72E-02,5.78E-03,33.6213
1131,1.79E-02,6.02E-03,33.6459
1132,1.87E-02,6.30E-03,33.6717
1133,1.96E-02,6.60E-03,33.6986
1134,2.06E-02,6.94E-03,33.7238
1135,2.17E-02,7.31E-03,33.7463
1136,2.30E-02,7.75E-03,33.7521
1137,2.43E-02,8.22E-03,33.7372
1138,2.55E-02,8.60E-03,33.7165
1139,2.61E-02,8.82E-03,33.701
1140,2.64E-02,8.91E-03,33.6923
1141,2.64E-02,8.90E-03,33.6816
1142,2.63E-02,8.83E-03,33.6678
1143,2.59E-02,8.70E-03,33.6562
1144,2.50E-02,8.43E-03,33.6646
1145,2.42E-02,8.14E-03,33.6869
1146,2.36E-02,7.96E-03,33.7241
1147,2.36E-02,7.97E-03,33.7782
1148,2.39E-02,8.08E-03,33.8352
1149,2.45E-02,8.32E-03,33.895
1150,2.56E-02,8.68E-03,33.9485
1151,2.70E-02,9.20E-03,33.9966
1152,2.89E-02,9.86E-03,34.0572
1153,3.11E-02,1.06E-02,34.1041
1154,3.37E-02,1.15E-02,34.1437
1155,3.65E-02,1.25E-02,34.1765
1156,3.98E-02,1.36E-02,34.2035
1157,4.32E-02,1.48E-02,34.2203
1158,4.66E-02,1.60E-02,34.2354
1159,5.02E-02,1.72E-02,34.2486
1160,5.40E-02,1.85E-02,34.2616
1161,5.77E-02,1.98E-02,34.2735
1162,6.11E-02,2.09E-02,34.2866
1163,6.43E-02,2.20E-02,34.2993
1164,6.74E-02,2.31E-02,34.3106
1165,7.03E-02,2.41E-02,34.3209
1166,7.29E-02,2.50E-02,34.3308
1167,7.53E-02,2.59E-02,34.3407
1168,7.75E-02,2.66E-02,34.3507
1169,7.95E-02,2.73E-02,34.3608
1170,8.12E-02,2.79E-02,34.3715
1171,8.27E-02,2.84E-02,34.3835
1172,8.40E-02,2.89E-02,34.3974
1173,8.50E-02,2.93E-02,34.4132
1174,8.58E-02,2.95E-02,34.4308
1175,8.63E-02,2.98E-02,34.4499
1176,8.67E-02,2.99E-02,34.4703
1177,8.69E-02,3.00E-02,34.4915
1178,8.69E-02,3.00E-02,34.5132
1179,8.66E-02,2.99E-02,34.5351
1180,8.62E-02,2.98E-02,34.5572
1181,8.59E-02,2.97E-02,34.5798
1182,8.58E-02,2.97E-02,34.6028
1183,8.55E-02,2.96E-02,34.6259
1184,8.55E-02,2.96E-02,34.6486
1185,8.56E-02,2.96E-02,34.6704
1186,8.61E-02,2.98E-02,34.6914
1187,8.69E-02,3.01E-02,34.7113
1188,8.77E-02,3.05E-02,34.7303
1189,8.86E-02,3.08E-02,34.7484
1190,8.95E-02,3.12E-02,34.7657
1191,9.05E-02,3.15E-02,34.7825
1192,9.14E-02,3.18E-02,34.7991
1193,9.20E-02,3.20E-02,34.8159
1194,9.21E-02,3.21E-02,34.833
1195,9.21E-02,3.21E-02,34.8504
1196,9.18E-02,3.20E-02,34.8679
1197,9.16E-02,3.20E-02,34.8855
1198,9.12E-02,3.18E-02,34.9032
1199,9.07E-02,3.16E-02,34.9207
1200,9.03E-02,3.15E-02,34.9378
1201,9.02E-02,3.15E-02,34.9542
1202,9.04E-02,3.16E-02,34.9701
1203,9.07E-02,3.17E-02,34.9857
1204,9.11E-02,3.19E-02,35.0019
1205,9.15E-02,3.21E-02,35.0194
1206,9.20E-02,3.23E-02,35.0388
1207,9.26E-02,3.25E-02,35.0604
1208,9.31E-02,3.27E-02,35.0841
1209,9.35E-02,3.29E-02,35.1099
1210,9.39E-02,3.30E-02,35.1379
1211,9.44E-02,3.32E-02,35.1682
1212,9.49E-02,3.34E-02,35.2009
1213,9.56E-02,3.37E-02,35.236
1214,9.64E-02,3.40E-02,35.2733
1215,9.72E-02,3.43E-02,35.3127
1216,9.81E-02,3.46E-02,35.3538
1217,9.90E-02,3.50E-02,35.3963
1218,1.00E-01,3.54E-02,35.4403
1219,1.01E-01,3.58E-02,35.4861
1220,1.02E-01,3.61E-02,35.5338
1221,1.02E-01,3.63E-02,35.5834
1222,1.03E-01,3.65E-02,35.6345
1223,1.03E-01,3.67E-02,35.6867
1224,1.03E-01,3.70E-02,35.74
1225,1.04E-01,3.72E-02,35.7942
1226,1.04E-01,3.75E-02,35.8492
1227,1.05E-01,3.77E-02,35.9044
1228,1.06E-01,3.80E-02,35.9596
1229,1.07E-01,3.84E-02,36.0147
1230,1.07E-01,3.87E-02,36.0695
1231,1.08E-01,3.90E-02,36.1241
1232,1.09E-01,3.93E-02,36.1781
1233,1.09E-01,3.96E-02,36.2315
1234,1.10E-01,3.99E-02,36.2841
1235,1.10E-01,4.01E-02,36.3361
1236,1.10E-01,4.02E-02,36.3873
1237,1.11E-01,4.03E-02,36.4375
1238,1.11E-01,4.04E-02,36.4867
1239,1.11E-01,4.05E-02,36.5347
1240,1.11E-01,4.05E-02,36.5819
1241,1.11E-01,4.06E-02,36.6281
1242,1.11E-01,4.06E-02,36.6735
1243,1.11E-01,4.06E-02,36.7179
1244,1.11E-01,4.06E-02,36.7612
1245,1.10E-01,4.06E-02,36.8034
1246,1.10E-01,4.06E-02,36.8445
1247,1.10E-01,4.06E-02,36.8843
1248,1.10E-01,4.05E-02,36.9227
1249,1.09E-01,4.05E-02,36.9593
1250,1.09E-01,4.04E-02,36.9937
1251,1.09E-01,4.02E-02,37.0261
1252,1.08E-01,4.01E-02,37.0565
1253,1.07E-01,3.99E-02,37.0854
1254,1.07E-01,3.96E-02,37.1126
1255,1.06E-01,3.93E-02,37.138
1256,1.05E-01,3.90E-02,37.1619
1257,1.04E-01,3.86E-02,37.1847
1258,1.03E-01,3.82E-02,37.2071
1259,1.02E-01,3.78E-02,37.2292
1260,1.00E-01,3.73E-02,37.251
1261,9.88E-02,3.68E-02,37.2723
1262,9.75E-02,3.64E-02,37.2934
1263,9.62E-02,3.59E-02,37.3145
1264,9.49E-02,3.54E-02,37.3359
1265,9.39E-02,3.50E-02,37.3575
1266,9.31E-02,3.48E-02,37.3795
1267,9.27E-02,3.47E-02,37.4021
1268,9.26E-02,3.46E-02,37.4254
1269,9.28E-02,3.47E-02,37.4496
1270,9.31E-02,3.49E-02,37.4746
1271,9.39E-02,3.52E-02,37.5005
1272,9.49E-02,3.56E-02,37.5272
1273,9.58E-02,3.60E-02,37.555
1274,9.65E-02,3.63E-02,37.584
1275,9.71E-02,3.65E-02,37.6141
1276,9.75E-02,3.67E-02,37.6453
1277,9.79E-02,3.69E-02,37.6774
1278,9.80E-02,3.69E-02,37.7102
1279,9.80E-02,3.70E-02,37.7431
1280,9.79E-02,3.69E-02,37.7757
1281,9.77E-02,3.69E-02,37.8073
1282,9.77E-02,3.69E-02,37.8377
1283,9.76E-02,3.69E-02,37.8667
1284,9.75E-02,3.69E-02,37.8948
1285,9.73E-02,3.69E-02,37.9224
1286,9.71E-02,3.68E-02,37.9497
1287,9.68E-02,3.68E-02,37.9769
1288,9.63E-02,3.66E-02,38.0041
1289,9.58E-02,3.65E-02,38.0312
1290,9.51E-02,3.62E-02,38.058
1291,9.43E-02,3.59E-02,38.084
1292,9.34E-02,3.56E-02,38.1083
1293,9.24E-02,3.52E-02,38.1304
1294,9.13E-02,3.48E-02,38.1499
1295,9.02E-02,3.44E-02,38.167
1296,8.90E-02,3.40E-02,38.1818
1297,8.78E-02,3.35E-02,38.1947
1298,8.65E-02,3.30E-02,38.2059
1299,8.51E-02,3.25E-02,38.216
1300,8.37E-02,3.20E-02,38.2255
1301,8.23E-02,3.15E-02,38.2344
1302,8.08E-02,3.09E-02,38.2429
1303,7.93E-02,3.03E-02,38.2506
1304,7.78E-02,2.98E-02,38.2575
1305,7.62E-02,2.92E-02,38.2639
1306,7.47E-02,2.86E-02,38.2701
1307,7.31E-02,2.79E-02,38.2766
1308,7.14E-02,2.73E-02,38.2835
1309,6.98E-02,2.67E-02,38.2905
1310,6.81E-02,2.60E-02,38.2973
1311,6.64E-02,2.54E-02,38.3036
1312,6.49E-02,2.48E-02,38.3088
1313,6.34E-02,2.43E-02,38.3119
1314,6.20E-02,2.38E-02,38.3119
1315,6.07E-02,2.33E-02,38.308
1316,5.95E-02,2.28E-02,38.3005
1317,5.84E-02,2.24E-02,38.2905
1318,5.74E-02,2.20E-02,38.279
1319,5.63E-02,2.16E-02,38.2729
1320,5.52E-02,2.11E-02,38.2645
1321,5.41E-02,2.07E-02,38.2475
1322,5.28E-02,2.02E-02,38.2327
1323,5.13E-02,1.96E-02,38.211
1324,4.94E-02,1.89E-02,38.1854
1325,4.72E-02,1.80E-02,38.154
1326,4.49E-02,1.71E-02,38.1215
1327,4.26E-02,1.62E-02,38.0836
1328,3.99E-02,1.52E-02,38.0406
1329,3.72E-02,1.41E-02,37.9939
1330,3.47E-02,1.32E-02,37.9529
1331,3.28E-02,1.24E-02,37.9213
1332,3.14E-02,1.19E-02,37.907
1333,3.04E-02,1.15E-02,37.905
1334,2.95E-02,1.12E-02,37.9053
1335,2.87E-02,1.09E-02,37.8922
1336,2.83E-02,1.07E-02,37.8601
1337,2.79E-02,1.05E-02,37.8148
1338,2.72E-02,1.03E-02,37.7535
1339,2.60E-02,9.78E-03,37.6759
1340,2.45E-02,9.21E-03,37.5844
1341,2.28E-02,8.54E-03,37.4709
1342,2.09E-02,7.80E-03,37.3273
1343,1.86E-02,6.92E-03,37.1709
1344,1.61E-02,5.95E-03,36.9912
1345,1.36E-02,5.00E-03,36.7526
1346,1.15E-02,4.17E-03,36.4188
1347,9.49E-03,3.42E-03,35.9768
1348,7.70E-03,2.74E-03,35.4716
1349,6.17E-03,2.16E-03,34.955
1350,4.99E-03,1.72E-03,34.4595
1351,4.14E-03,1.40E-03,33.9566
1352,3.54E-03,1.18E-03,33.4541
1353,3.06E-03,1.01E-03,32.9888
1354,2.69E-03,8.74E-04,32.5639
1355,2.49E-03,8.00E-04,32.1806
1356,2.40E-03,7.61E-04,31.7902
1357,2.32E-03,7.25E-04,31.2928
1358,2.25E-03,6.90E-04,30.6467
1359,2.24E-03,6.69E-04,29.8873
1360,2.25E-03,6.54E-04,29.1435
1361,2.25E-03,6.42E-04,28.5369
1362,2.26E-03,6.34E-04,28.0471
1363,2.28E-03,6.28E-04,27.6316
1364,2.29E-03,6.25E-04,27.2725
1365,2.31E-03,6.23E-04,26.9588
1366,2.32E-03,6.21E-04,26.711
1367,2.34E-03,6.19E-04,26.5089
1368,2.34E-03,6.16E-04,26.3246
1369,2.34E-03,6.10E-04,26.1374
1370,2.33E-03,6.04E-04,25.9596
1371,2.32E-03,5.97E-04,25.8054
1372,2.30E-03,5.92E-04,25.6881
1373,2.28E-03,5.86E-04,25.5868
1374,2.25E-03,5.79E-04,25.5051
1375,2.21E-03,5.71E-04,25.4928
1376,2.17E-03,5.63E-04,25.6011
1377,2.13E-03,5.55E-04,25.8879
1378,2.08E-03,5.47E-04,26.2783
1379,2.04E-03,5.38E-04,26.6565
1380,1.99E-03,5.29E-04,26.907
1381,1.94E-03,5.19E-04,27.0375
1382,1.89E-03,5.09E-04,27.1349
1383,1.84E-03,4.99E-04,27.3069
1384,1.78E-03,4.89E-04,27.5981
1385,1.73E-03,4.79E-04,27.9509
1386,1.68E-03,4.70E-04,28.3499
1387,1.63E-03,4.61E-04,28.7172
1388,1.58E-03,4.53E-04,29.0045
1389,1.53E-03,4.45E-04,29.2252
1390,1.49E-03,4.38E-04,29.416
1391,1.44E-03,4.30E-04,29.5879
1392,1.40E-03,4.22E-04,29.674
1393,1.37E-03,4.15E-04,29.7299
1394,1.33E-03,4.07E-04,29.8751
1395,1.30E-03,3.99E-04,30.2383
1396,1.27E-03,3.91E-04,30.904
1397,1.24E-03,3.85E-04,31.6594
1398,1.22E-03,3.79E-04,32.2475
1399,1.20E-03,3.73E-04,32.4872
1400,1.18E-03,3.69E-04,32.4985
1401,1.16E-03,3.64E-04,32.3608
1402,1.15E-03,3.61E-04,32.1445
1403,1.14E-03,3.59E-04,31.8218
1404,1.13E-03,3.57E-04,31.3614
1405,1.12E-03,3.55E-04,30.9006
1406,1.11E-03,3.53E-04,30.5723
1407,1.10E-03,3.51E-04,30.309
1408,1.10E-03,3.50E-04,30.1155
1409,1.10E-03,3.50E-04,30.087
1410,1.10E-03,3.51E-04,30.3348
1411,1.11E-03,3.54E-04,30.9742
1412,1.13E-03,3.58E-04,31.7658
1413,1.15E-03,3.64E-04,32.4102
1414,1.18E-03,3.71E-04,32.7161
1415,1.20E-03,3.79E-04,32.8424
1416,1.24E-03,3.91E-04,32.807
1417,1.28E-03,4.04E-04,32.6124
1418,1.32E-03,4.19E-04,32.1532
1419,1.38E-03,4.36E-04,31.4398
1420,1.45E-03,4.56E-04,30.7465
1421,1.54E-03,4.80E-04,30.3471
1422,1.65E-03,5.05E-04,30.3154
1423,1.76E-03,5.37E-04,30.4669
1424,1.85E-03,5.65E-04,30.6107
1425,1.96E-03,5.92E-04,30.5786
1426,2.07E-03,6.23E-04,30.4167
1427,2.18E-03,6.57E-04,30.2164
1428,2.29E-03,6.90E-04,30.0582
1429,2.38E-03,7.18E-04,29.9982
1430,2.44E-03,7.36E-04,30.0001
1431,2.48E-03,7.49E-04,30.0369
1432,2.50E-03,7.57E-04,30.086
1433,2.50E-03,7.59E-04,30.1933
1434,2.49E-03,7.56E-04,30.3448
1435,2.47E-03,7.50E-04,30.4273
1436,2.46E-03,7.43E-04,30.3272
1437,2.46E-03,7.38E-04,29.9942
1438,2.49E-03,7.36E-04,29.5492
1439,2.55E-03,7.43E-04,29.1372
1440,2.66E-03,7.66E-04,28.8616
1441,2.81E-03,8.03E-04,28.6432
1442,2.99E-03,8.52E-04,28.4873
1443,3.21E-03,9.13E-04,28.4144
1444,3.47E-03,9.87E-04,28.4582
1445,3.75E-03,1.07E-03,28.6158
1446,4.07E-03,1.17E-03,28.8162
1447,4.42E-03,1.28E-03,28.9879
1448,4.79E-03,1.40E-03,29.1442
1449,5.18E-03,1.52E-03,29.2997
1450,5.62E-03,1.66E-03,29.4205
1451,6.16E-03,1.82E-03,29.4727
1452,6.81E-03,2.00E-03,29.4488
1453,7.51E-03,2.21E-03,29.3842
1454,8.21E-03,2.41E-03,29.3184
1455,8.89E-03,2.60E-03,29.2784
1456,9.61E-03,2.81E-03,29.2465
1457,1.03E-02,2.99E-03,29.2104
1458,1.07E-02,3.12E-03,29.166
1459,1.10E-02,3.19E-03,29.1143
1460,1.10E-02,3.20E-03,29.0508
1461,1.10E-02,3.17E-03,28.972
1462,1.07E-02,3.10E-03,28.8705
1463,1.03E-02,2.96E-03,28.7328
1464,9.71E-03,2.78E-03,28.5797
1465,9.15E-03,2.61E-03,28.4664
1466,8.69E-03,2.47E-03,28.4375
1467,8.23E-03,2.34E-03,28.4772
1468,7.85E-03,2.24E-03,28.5557
1469,7.65E-03,2.19E-03,28.6444
1470,7.68E-03,2.21E-03,28.7441
1471,7.91E-03,2.28E-03,28.8633
1472,8.24E-03,2.39E-03,28.9772
1473,8.62E-03,2.50E-03,29.0711
1474,9.05E-03,2.64E-03,29.1341
1475,9.56E-03,2.79E-03,29.1755
1476,1.01E-02,2.94E-03,29.1999
1477,1.05E-02,3.08E-03,29.1949
1478,1.09E-02,3.19E-03,29.1626
1479,1.13E-02,3.30E-03,29.1246
1480,1.18E-02,3.43E-03,29.0986
1481,1.23E-02,3.58E-03,29.106
1482,1.29E-02,3.75E-03,29.1393
1483,1.36E-02,3.96E-03,29.195
1484,1.44E-02,4.21E-03,29.2902
1485,1.54E-02,4.53E-03,29.439
1486,1.65E-02,4.89E-03,29.6138
1487,1.78E-02,5.30E-03,29.7722
1488,1.92E-02,5.73E-03,29.8966
1489,2.07E-02,6.22E-03,29.9933
1490,2.24E-02,6.73E-03,30.0793
1491,2.41E-02,7.27E-03,30.1612
1492,2.59E-02,7.82E-03,30.2548
1493,2.77E-02,8.41E-03,30.3548
1494,2.96E-02,9.00E-03,30.4538
1495,3.13E-02,9.54E-03,30.531
1496,3.28E-02,1.00E-02,30.6003
1497,3.42E-02,1.05E-02,30.6624
1498,3.55E-02,1.09E-02,30.7281
1499,3.65E-02,1.13E-02,30.8015
1500,3.74E-02,1.15E-02,30.8721
1501,3.80E-02,1.18E-02,30.9393
1502,3.87E-02,1.20E-02,31.013
1503,3.95E-02,1.23E-02,31.0827
1504,4.04E-02,1.25E-02,31.1564
1505,4.13E-02,1.29E-02,31.2312
1506,4.22E-02,1.32E-02,31.3152
1507,4.33E-02,1.36E-02,31.3987
1508,4.45E-02,1.40E-02,31.4815
1509,4.56E-02,1.44E-02,31.5645
1510,4.66E-02,1.48E-02,31.6421
1511,4.74E-02,1.51E-02,31.7197
1512,4.81E-02,1.53E-02,31.7978
1513,4.88E-02,1.56E-02,31.877
1514,4.94E-02,1.58E-02,31.9518
1515,5.00E-02,1.60E-02,32.0221
1516,5.05E-02,1.62E-02,32.0982
1517,5.11E-02,1.64E-02,32.174
1518,5.18E-02,1.67E-02,32.2471
1519,5.25E-02,1.70E-02,32.3158
1520,5.33E-02,1.73E-02,32.3795
1521,5.40E-02,1.75E-02,32.439
1522,5.47E-02,1.78E-02,32.4952
1523,5.53E-02,1.80E-02,32.5489
1524,5.58E-02,1.82E-02,32.6006
1525,5.63E-02,1.84E-02,32.6511
1526,5.67E-02,1.85E-02,32.7012
1527,5.70E-02,1.87E-02,32.7514
1528,5.74E-02,1.88E-02,32.8013
1529,5.78E-02,1.90E-02,32.8504
1530,5.82E-02,1.91E-02,32.8981
1531,5.86E-02,1.93E-02,32.9444
1532,5.89E-02,1.94E-02,32.9895
1533,5.93E-02,1.96E-02,33.0337
1534,5.96E-02,1.97E-02,33.0773
1535,5.99E-02,1.98E-02,33.1207
1536,6.01E-02,1.99E-02,33.1639
1537,6.03E-02,2.00E-02,33.2074
1538,6.05E-02,2.01E-02,33.2512
1539,6.06E-02,2.02E-02,33.2951
1540,6.07E-02,2.02E-02,33.3389
1541,6.09E-02,2.03E-02,33.3819
1542,6.11E-02,2.04E-02,33.4242
1543,6.12E-02,2.05E-02,33.4661
1544,6.13E-02,2.05E-02,33.5084
1545,6.14E-02,2.06E-02,33.5515
1546,6.15E-02,2.07E-02,33.5959
1547,6.16E-02,2.07E-02,33.6413
1548,6.17E-02,2.08E-02,33.6875
1549,6.17E-02,2.08E-02,33.7344
1550,6.17E-02,2.09E-02,33.7817
1551,6.17E-02,2.09E-02,33.8285
1552,6.17E-02,2.09E-02,33.8741
1553,6.16E-02,2.09E-02,33.9182
1554,6.16E-02,2.09E-02,33.9609
1555,6.15E-02,2.09E-02,34.0025
1556,6.14E-02,2.09E-02,34.0431
1557,6.14E-02,2.09E-02,34.0825
1558,6.13E-02,2.09E-02,34.1209
1559,6.11E-02,2.09E-02,34.1583
1560,6.10E-02,2.09E-02,34.1948
1561,6.08E-02,2.08E-02,34.2307
1562,6.06E-02,2.08E-02,34.2658
1563,6.03E-02,2.07E-02,34.3004
1564,6.01E-02,2.06E-02,34.3345
1565,5.97E-02,2.05E-02,34.3681
1566,5.93E-02,2.04E-02,34.401
1567,5.88E-02,2.02E-02,34.4332
1568,5.82E-02,2.01E-02,34.4644
1569,5.77E-02,1.99E-02,34.495
1570,5.71E-02,1.97E-02,34.5253
1571,5.65E-02,1.95E-02,34.5556
1572,5.60E-02,1.94E-02,34.5862
1573,5.57E-02,1.93E-02,34.6176
1574,5.54E-02,1.92E-02,34.6501
1575,5.52E-02,1.91E-02,34.6841
1576,5.51E-02,1.91E-02,34.7197
1577,5.51E-02,1.92E-02,34.7571
1578,5.53E-02,1.92E-02,34.7962
1579,5.55E-02,1.93E-02,34.8366
1580,5.57E-02,1.94E-02,34.8779
1581,5.60E-02,1.95E-02,34.9194
1582,5.62E-02,1.96E-02,34.961
1583,5.65E-02,1.97E-02,35.0024
1584,5.66E-02,1.98E-02,35.0431
1585,5.67E-02,1.99E-02,35.0826
1586,5.68E-02,1.99E-02,35.1208
1587,5.68E-02,2.00E-02,35.1582
1588,5.67E-02,2.00E-02,35.1954
1589,5.66E-02,2.00E-02,35.2329
1590,5.65E-02,2.00E-02,35.2708
1591,5.65E-02,2.00E-02,35.3092
1592,5.65E-02,2.00E-02,35.3481
1593,5.65E-02,2.00E-02,35.3874
1594,5.64E-02,2.00E-02,35.4271
1595,5.63E-02,2.00E-02,35.4675
1596,5.61E-02,1.99E-02,35.5085
1597,5.59E-02,1.99E-02,35.5502
1598,5.56E-02,1.98E-02,35.5923
1599,5.52E-02,1.96E-02,35.6345
1600,5.48E-02,1.95E-02,35.6767
1601,5.45E-02,1.94E-02,35.719
1602,5.42E-02,1.94E-02,35.7616
1603,5.40E-02,1.93E-02,35.8045
1604,5.38E-02,1.93E-02,35.8477
1605,5.37E-02,1.93E-02,35.891
1606,5.35E-02,1.92E-02,35.9348
1607,5.35E-02,1.92E-02,35.9789
1608,5.34E-02,1.93E-02,36.0232
1609,5.35E-02,1.93E-02,36.0673
1610,5.35E-02,1.93E-02,36.1107
1611,5.36E-02,1.94E-02,36.1531
1612,5.37E-02,1.95E-02,36.1946
1613,5.39E-02,1.95E-02,36.2355
1614,5.41E-02,1.96E-02,36.276
1615,5.42E-02,1.97E-02,36.3159
1616,5.43E-02,1.98E-02,36.355
1617,5.45E-02,1.98E-02,36.3928
1618,5.46E-02,1.99E-02,36.4292
1619,5.47E-02,1.99E-02,36.4641
1620,5.47E-02,2.00E-02,36.4975
1621,5.48E-02,2.00E-02,36.5295
1622,5.49E-02,2.01E-02,36.5599
1623,5.50E-02,2.01E-02,36.5888
1624,5.51E-02,2.02E-02,36.6167
1625,5.51E-02,2.02E-02,36.6438
1626,5.51E-02,2.02E-02,36.6703
1627,5.51E-02,2.02E-02,36.6966
1628,5.50E-02,2.02E-02,36.7229
1629,5.49E-02,2.02E-02,36.7495
1630,5.47E-02,2.01E-02,36.776
1631,5.44E-02,2.00E-02,36.802
1632,5.41E-02,1.99E-02,36.8271
1633,5.38E-02,1.98E-02,36.8511
1634,5.34E-02,1.97E-02,36.874
1635,5.30E-02,1.96E-02,36.8954
1636,5.27E-02,1.94E-02,36.9153
1637,5.23E-02,1.93E-02,36.9339
1638,5.20E-02,1.92E-02,36.9517
1639,5.17E-02,1.91E-02,36.9691
1640,5.14E-02,1.90E-02,36.9862
1641,5.12E-02,1.90E-02,37.0029
1642,5.11E-02,1.89E-02,37.019
1643,5.10E-02,1.89E-02,37.0345
1644,5.09E-02,1.89E-02,37.0491
1645,5.08E-02,1.88E-02,37.0626
1646,5.08E-02,1.88E-02,37.0745
1647,5.07E-02,1.88E-02,37.0845
1648,5.06E-02,1.88E-02,37.0923
1649,5.05E-02,1.87E-02,37.097
1650,5.04E-02,1.87E-02,37.0981
1651,5.03E-02,1.87E-02,37.0956
1652,5.02E-02,1.86E-02,37.0896
1653,5.02E-02,1.86E-02,37.0831
1654,5.02E-02,1.86E-02,37.0723
1655,5.02E-02,1.86E-02,37.057
1656,5.02E-02,1.86E-02,37.0405
1657,5.03E-02,1.86E-02,37.0224
1658,5.03E-02,1.86E-02,37.0018
1659,5.02E-02,1.86E-02,36.9804
1660,5.00E-02,1.85E-02,36.9584
1661,4.98E-02,1.84E-02,36.9348
1662,4.95E-02,1.83E-02,36.9095
1663,4.92E-02,1.81E-02,36.8824
1664,4.89E-02,1.80E-02,36.8536
1665,4.86E-02,1.79E-02,36.8231
1666,4.84E-02,1.78E-02,36.7913
1667,4.83E-02,1.77E-02,36.7587
1668,4.82E-02,1.77E-02,36.7257
1669,4.82E-02,1.77E-02,36.6927
1670,4.81E-02,1.77E-02,36.6602
1671,4.81E-02,1.76E-02,36.629
1672,4.80E-02,1.76E-02,36.5994
1673,4.79E-02,1.75E-02,36.5708
1674,4.78E-02,1.75E-02,36.5424
1675,4.77E-02,1.74E-02,36.5133
1676,4.76E-02,1.74E-02,36.4835
1677,4.74E-02,1.73E-02,36.4531
1678,4.73E-02,1.72E-02,36.4222
1679,4.72E-02,1.71E-02,36.3907
1680,4.70E-02,1.71E-02,36.3589
1681,4.69E-02,1.70E-02,36.3272
1682,4.67E-02,1.70E-02,36.2958
1683,4.66E-02,1.69E-02,36.2649
1684,4.64E-02,1.68E-02,36.2344
1685,4.62E-02,1.67E-02,36.2045
1686,4.61E-02,1.67E-02,36.1752
1687,4.59E-02,1.66E-02,36.1466
1688,4.57E-02,1.65E-02,36.1187
1689,4.55E-02,1.64E-02,36.0916
1690,4.53E-02,1.64E-02,36.0651
1691,4.52E-02,1.63E-02,36.0385
1692,4.50E-02,1.62E-02,36.0112
1693,4.48E-02,1.61E-02,35.9829
1694,4.46E-02,1.60E-02,35.9531
1695,4.44E-02,1.59E-02,35.9216
1696,4.42E-02,1.59E-02,35.8877
1697,4.40E-02,1.58E-02,35.8517
1698,4.39E-02,1.57E-02,35.8146
1699,4.37E-02,1.57E-02,35.7777
1700,4.36E-02,1.56E-02,35.7419
1701,4.34E-02,1.55E-02,35.7069
1702,4.33E-02,1.54E-02,35.6723
1703,4.31E-02,1.54E-02,35.6378
1704,4.28E-02,1.53E-02,35.603
1705,4.26E-02,1.51E-02,35.567
1706,4.22E-02,1.50E-02,35.5281
1707,4.19E-02,1.48E-02,35.4851
1708,4.16E-02,1.47E-02,35.4384
1709,4.14E-02,1.46E-02,35.3899
1710,4.12E-02,1.46E-02,35.3415
1711,4.12E-02,1.45E-02,35.294
1712,4.11E-02,1.45E-02,35.2476
1713,4.12E-02,1.45E-02,35.202
1714,4.13E-02,1.46E-02,35.1576
1715,4.14E-02,1.46E-02,35.1144
1716,4.13E-02,1.45E-02,35.0723
1717,4.12E-02,1.44E-02,35.031
1718,4.09E-02,1.43E-02,34.9909
1719,4.06E-02,1.42E-02,34.9536
1720,4.01E-02,1.40E-02,34.9182
1721,3.96E-02,1.38E-02,34.8825
1722,3.91E-02,1.36E-02,34.8474
1723,3.87E-02,1.34E-02,34.814
1724,3.84E-02,1.33E-02,34.7834
1725,3.81E-02,1.33E-02,34.7629
1726,3.79E-02,1.32E-02,34.7464
1727,3.79E-02,1.32E-02,34.7286
1728,3.78E-02,1.31E-02,34.7123
1729,3.77E-02,1.31E-02,34.6946
1730,3.75E-02,1.30E-02,34.6806
1731,3.71E-02,1.28E-02,34.6722
1732,3.66E-02,1.27E-02,34.6703
1733,3.61E-02,1.25E-02,34.6742
1734,3.57E-02,1.24E-02,34.6821
1735,3.52E-02,1.22E-02,34.6925
1736,3.48E-02,1.21E-02,34.7041
1737,3.45E-02,1.20E-02,34.7157
1738,3.43E-02,1.19E-02,34.726
1739,3.41E-02,1.18E-02,34.7342
1740,3.39E-02,1.18E-02,34.7403
1741,3.37E-02,1.17E-02,34.7459
1742,3.34E-02,1.16E-02,34.7557
1743,3.32E-02,1.16E-02,34.7676
1744,3.30E-02,1.15E-02,34.7782
1745,3.27E-02,1.14E-02,34.7868
1746,3.25E-02,1.13E-02,34.7939
1747,3.23E-02,1.13E-02,34.7949
1748,3.22E-02,1.12E-02,34.7939
1749,3.22E-02,1.12E-02,34.7899
1750,3.21E-02,1.12E-02,34.7776
1751,3.20E-02,1.11E-02,34.7648
1752,3.18E-02,1.10E-02,34.7458
1753,3.16E-02,1.10E-02,34.7216
1754,3.13E-02,1.08E-02,34.6862
1755,3.09E-02,1.07E-02,34.6485
1756,3.04E-02,1.05E-02,34.6183
1757,2.99E-02,1.04E-02,34.588
1758,2.95E-02,1.02E-02,34.5506
1759,2.90E-02,1.00E-02,34.5122
1760,2.86E-02,9.87E-03,34.4737
1761,2.81E-02,9.68E-03,34.4436
1762,2.74E-02,9.45E-03,34.4119
1763,2.68E-02,9.21E-03,34.3805
1764,2.61E-02,8.97E-03,34.3435
1765,2.55E-02,8.74E-03,34.3167
1766,2.49E-02,8.53E-03,34.2999
1767,2.43E-02,8.33E-03,34.2949
1768,2.38E-02,8.15E-03,34.2994
1769,2.33E-02,7.99E-03,34.3078
1770,2.28E-02,7.84E-03,34.3136
1771,2.23E-02,7.66E-03,34.3339
1772,2.15E-02,7.41E-03,34.3516
1773,2.07E-02,7.11E-03,34.3651
1774,1.98E-02,6.79E-03,34.3351
1775,1.89E-02,6.49E-03,34.2765
1776,1.81E-02,6.19E-03,34.2031
1777,1.73E-02,5.91E-03,34.1126
1778,1.66E-02,5.65E-03,34.0199
1779,1.60E-02,5.43E-03,33.9527
1780,1.55E-02,5.25E-03,33.9261
1781,1.50E-02,5.08E-03,33.9191
1782,1.45E-02,4.92E-03,33.9105
1783,1.40E-02,4.76E-03,33.8963
1784,1.36E-02,4.60E-03,33.8884
1785,1.31E-02,4.46E-03,33.9181
1786,1.27E-02,4.33E-03,33.9916
1787,1.24E-02,4.22E-03,34.0957
1788,1.20E-02,4.10E-03,34.2063
1789,1.14E-02,3.91E-03,34.2726
1790,1.07E-02,3.66E-03,34.2871
1791,9.83E-03,3.37E-03,34.2724
1792,8.98E-03,3.07E-03,34.2435
1793,8.12E-03,2.78E-03,34.2091
1794,7.24E-03,2.47E-03,34.1621
1795,6.42E-03,2.19E-03,34.0981
1796,5.78E-03,1.97E-03,34.0196
1797,5.32E-03,1.81E-03,33.963
1798,4.96E-03,1.68E-03,33.8692
1799,4.59E-03,1.54E-03,33.6588
1800,4.15E-03,1.38E-03,33.1481
1801,3.70E-03,1.21E-03,32.4213
1802,3.27E-03,1.05E-03,31.9205
1803,2.88E-03,9.22E-04,32.0807
1804,2.53E-03,8.25E-04,32.9306
1805,2.21E-03,7.46E-04,33.9872
1806,1.96E-03,6.80E-04,34.7368
1807,1.79E-03,6.30E-04,35.0384
1808,1.69E-03,5.94E-04,35.1135
1809,1.60E-03,5.59E-04,34.9927
1810,1.51E-03,5.19E-04,34.6563
1811,1.41E-03,4.79E-04,33.9594
1812,1.32E-03,4.43E-04,33.2068
1813,1.24E-03,4.14E-04,32.7679
1814,1.17E-03,3.90E-04,32.885
1815,1.12E-03,3.68E-04,33.2445
1816,1.07E-03,3.47E-04,33.3958
1817,1.03E-03,3.29E-04,32.9214
1818,9.98E-04,3.16E-04,31.9355
1819,9.67E-04,3.08E-04,30.9545
1820,9.37E-04,3.01E-04,30.4922
1821,9.09E-04,2.95E-04,30.5508
1822,8.83E-04,2.89E-04,30.9535
1823,8.63E-04,2.82E-04,31.6486
1824,8.44E-04,2.75E-04,32.8109
1825,8.27E-04,2.69E-04,34.4977
1826,8.12E-04,2.66E-04,36.0117
1827,8.03E-04,2.65E-04,36.6586
1828,7.96E-04,2.65E-04,36.3766
1829,7.91E-04,2.65E-04,35.5897
1830,7.87E-04,2.64E-04,34.6954
1831,7.83E-04,2.63E-04,33.7176
1832,7.80E-04,2.62E-04,32.5252
1833,7.77E-04,2.60E-04,31.5361
1834,7.75E-04,2.59E-04,31.125
1835,7.74E-04,2.57E-04,31.201
1836,7.74E-04,2.55E-04,31.5676
1837,7.75E-04,2.53E-04,32.0513
1838,7.78E-04,2.51E-04,32.8655
1839,7.82E-04,2.50E-04,33.9149
1840,7.88E-04,2.50E-04,34.5633
1841,7.93E-04,2.49E-04,34.2126
1842,7.99E-04,2.50E-04,32.9456
1843,8.04E-04,2.51E-04,31.4264
1844,8.09E-04,2.52E-04,30.3176
1845,8.12E-04,2.54E-04,29.5276
1846,8.15E-04,2.57E-04,28.9503
1847,8.16E-04,2.58E-04,28.736
1848,8.17E-04,2.60E-04,29.0557
1849,8.17E-04,2.60E-04,29.8497
1850,8.17E-04,2.60E-04,30.8057
1851,8.17E-04,2.60E-04,31.6613
1852,8.15E-04,2.59E-04,32.6171
1853,8.12E-04,2.57E-04,33.5243
1854,8.08E-04,2.56E-04,34.115
1855,8.03E-04,2.55E-04,34.1887
1856,7.99E-04,2.55E-04,33.8939
1857,7.95E-04,2.56E-04,33.4924
1858,7.93E-04,2.58E-04,33.2073
1859,7.90E-04,2.60E-04,32.9589
1860,7.88E-04,2.62E-04,32.6872
1861,7.88E-04,2.64E-04,32.3557
1862,7.91E-04,2.67E-04,31.7704
1863,7.94E-04,2.70E-04,31.1214
1864,7.97E-04,2.74E-04,30.8342
1865,8.04E-04,2.78E-04,31.3353
1866,8.14E-04,2.84E-04,32.5341
1867,8.33E-04,2.92E-04,33.7984
1868,8.55E-04,2.96E-04,34.5145
1869,8.81E-04,3.03E-04,34.7754
1870,9.11E-04,3.13E-04,34.7376
1871,9.48E-04,3.25E-04,34.4212
1872,9.91E-04,3.37E-04,33.6939
1873,1.04E-03,3.51E-04,32.5927
1874,1.10E-03,3.63E-04,31.5322
1875,1.16E-03,3.75E-04,30.9102
1876,1.22E-03,3.85E-04,30.7211
1877,1.30E-03,3.96E-04,30.5786
1878,1.39E-03,4.08E-04,30.0789
1879,1.47E-03,4.21E-04,28.7624
1880,1.55E-03,4.26E-04,27.154
1881,1.59E-03,4.22E-04,26.1824
1882,1.56E-03,4.11E-04,29.3619
1883,1.46E-03,3.93E-04,28.5114
1884,1.36E-03,3.66E-04,22.4655
1885,1.24E-03,3.47E-04,22.7962
1886,1.09E-03,3.58E-04,32.6849
1887,9.11E-04,3.62E-04,42.6667
1888,7.15E-04,3.04E-04,42.6129
1889,5.06E-04,2.07E-04,38.4071
1890,3.05E-04,1.26E-04,43.5175
1891,1.56E-04,8.14E-05,67.6099
1892,9.54E-05,8.89E-05,94.233
1893,1.21E-04,1.28E-04,103.9647
1894,1.75E-04,1.88E-04,103.2368
1895,2.35E-04,2.22E-04,93.1576
1896,2.91E-04,1.77E-04,66.5087
1897,3.50E-04,7.99E-05,26.6807
1898,3.73E-04,2.33E-05,6.25
1899,3.20E-04,5.97E-05,27.9661
1900,2.45E-04,1.38E-04,68.5099
1901,2.12E-04,1.97E-04,93.6859
1902,2.18E-04,2.44E-04,103.7743
1903,2.54E-04,2.73E-04,103.9572
1904,2.91E-04,2.57E-04,91.3694
1905,3.29E-04,1.89E-04,62.316
1906,3.51E-04,1.19E-04,34.7629
1907,3.25E-04,8.16E-05,23.2636
1908,2.65E-04,5.85E-05,20.4388
1909,2.32E-04,4.16E-05,18.1818
1910,2.55E-04,2.41E-05,11.2361
1911,2.98E-04,1.40E-05,5.1628
1912,3.22E-04,2.63E-05,8.2161
1913,3.17E-04,7.35E-05,22.9848
1914,2.91E-04,1.23E-04,41.8035
1915,2.45E-04,1.39E-04,58.6872
1916,1.74E-04,1.24E-04,78.3341
1917,1.14E-04,9.79E-05,86.845
1918,1.03E-04,6.55E-05,67.0694
1919,1.22E-04,2.45E-05,27.7898
1920,1.50E-04,0.00E+00,0
1921,1.91E-04,1.03E-05,0.4465
1922,2.27E-04,3.66E-05,13.2068
1923,2.31E-04,5.10E-05,21.468
1924,2.13E-04,5.20E-05,25.6324
1925,1.90E-04,4.72E-05,27.1986
1926,1.70E-04,3.73E-05,23.2127
1927,1.60E-04,1.92E-05,12.971
1928,1.56E-04,9.55E-06,6.5395
1929,1.67E-04,2.38E-05,12.9334
1930,1.83E-04,5.37E-05,27.3607
1931,2.02E-04,7.90E-05,38.8524
1932,2.17E-04,9.81E-05,45.6778
1933,2.26E-04,1.11E-04,49.1303
1934,2.30E-04,1.06E-04,46.0523
1935,2.28E-04,7.63E-05,33.1068
1936,2.29E-04,4.32E-05,18.8944
1937,2.40E-04,2.98E-05,12.7182
1938,2.60E-04,2.85E-05,12.0373
1939,2.95E-04,4.17E-05,14.38
1940,3.57E-04,7.94E-05,20.1813
1941,4.36E-04,1.33E-04,28.6794
1942,4.97E-04,1.70E-04,34.1982
1943,5.31E-04,1.82E-04,34.6966
1944,5.53E-04,1.79E-04,32.7197
1945,5.70E-04,1.72E-04,30.1384
1946,5.91E-04,1.55E-04,26.269
1947,6.24E-04,1.40E-04,22.4542
1948,6.95E-04,1.40E-04,20.2021
1949,7.98E-04,1.50E-04,18.9328
1950,8.83E-04,1.61E-04,18.2692
1951,9.30E-04,1.69E-04,18.0525
1952,9.54E-04,1.76E-04,18.395
1953,9.56E-04,1.85E-04,19.4167
1954,9.16E-04,1.98E-04,21.7713
1955,8.75E-04,2.11E-04,24.1756
1956,8.87E-04,2.20E-04,24.7505
1957,9.37E-04,2.22E-04,23.6231
1958,1.04E-03,2.30E-04,22.1094
1959,1.20E-03,2.49E-04,20.9026
1960,1.43E-03,2.78E-04,19.673
1961,1.73E-03,3.30E-04,18.9999
1962,2.12E-03,4.14E-04,19.2664
1963,2.60E-03,5.20E-04,19.9396
1964,3.16E-03,6.42E-04,20.3308
1965,3.85E-03,7.89E-04,20.4954
1966,4.55E-03,9.37E-04,20.5703
1967,5.17E-03,1.06E-03,20.5631
1968,5.74E-03,1.17E-03,20.4575
1969,6.22E-03,1.27E-03,20.4262
1970,6.54E-03,1.35E-03,20.6106
1971,6.76E-03,1.41E-03,20.9035
1972,7.01E-03,1.48E-03,21.1096
1973,7.31E-03,1.55E-03,21.1813
1974,7.63E-03,1.62E-03,21.2094
1975,8.01E-03,1.70E-03,21.2543
1976,8.47E-03,1.80E-03,21.3098
1977,8.91E-03,1.90E-03,21.3408
1978,9.29E-03,1.98E-03,21.3356
1979,9.62E-03,2.05E-03,21.2959
1980,9.96E-03,2.12E-03,21.2697
1981,1.03E-02,2.20E-03,21.2645
1982,1.07E-02,2.28E-03,21.2935
1983,1.10E-02,2.36E-03,21.4197
1984,1.12E-02,2.44E-03,21.6757
1985,1.14E-02,2.50E-03,21.9205
1986,1.14E-02,2.52E-03,22.0446
1987,1.14E-02,2.52E-03,22.0783
1988,1.14E-02,2.51E-03,22.1233
1989,1.14E-02,2.54E-03,22.2491
1990,1.14E-02,2.56E-03,22.3883
1991,1.14E-02,2.56E-03,22.4359
1992,1.14E-02,2.55E-03,22.3788
1993,1.13E-02,2.51E-03,22.2859
1994,1.08E-02,2.40E-03,22.222
1995,1.01E-02,2.24E-03,22.1575
1996,9.22E-03,2.05E-03,22.1945
1997,8.22E-03,1.84E-03,22.4048
1998,7.13E-03,1.62E-03,22.7043
1999,6.15E-03,1.42E-03,23.095
2000,5.24E-03,1.23E-03,23.5134
2001,4.46E-03,1.06E-03,23.7145
2002,3.94E-03,9.43E-04,23.7304
2003,3.64E-03,8.59E-04,23.5818
2004,3.53E-03,8.22E-04,23.3126
2005,3.65E-03,8.48E-04,23.199
2006,3.97E-03,9.23E-04,23.2833
2007,4.30E-03,1.02E-03,23.603
2008,4.69E-03,1.15E-03,24.4029
2009,5.05E-03,1.27E-03,25.2016
2010,5.23E-03,1.32E-03,25.2987
2011,5.26E-03,1.30E-03,24.7141
2012,5.20E-03,1.25E-03,24.0837
2013,5.07E-03,1.20E-03,23.6824
2014,4.87E-03,1.14E-03,23.4814
2015,4.84E-03,1.14E-03,23.5454
2016,4.98E-03,1.19E-03,23.9323
2017,5.28E-03,1.29E-03,24.4105
2018,5.76E-03,1.42E-03,24.6861
2019,6.42E-03,1.59E-03,24.7876
2020,7.20E-03,1.78E-03,24.7092
2021,8.08E-03,1.98E-03,24.5512
2022,9.07E-03,2.21E-03,24.3809
2023,1.00E-02,2.42E-03,24.2736
2024,1.08E-02,2.63E-03,24.2745
2025,1.16E-02,2.84E-03,24.4403
2026,1.23E-02,3.02E-03,24.6845
2027,1.28E-02,3.20E-03,24.9199
2028,1.34E-02,3.36E-03,25.0248
2029,1.39E-02,3.47E-03,24.9339
2030,1.44E-02,3.55E-03,24.6847
2031,1.49E-02,3.63E-03,24.4306
2032,1.55E-02,3.75E-03,24.2213
2033,1.60E-02,3.87E-03,24.1697
2034,1.64E-02,3.97E-03,24.2019
2035,1.67E-02,4.07E-03,24.316
2036,1.69E-02,4.13E-03,24.4209
2037,1.69E-02,4.13E-03,24.4358
2038,1.67E-02,4.08E-03,24.3953
2039,1.65E-02,4.03E-03,24.3633
2040,1.63E-02,3.98E-03,24.3545
2041,1.62E-02,3.94E-03,24.3953
2042,1.60E-02,3.93E-03,24.477
2043,1.60E-02,3.94E-03,24.6029
2044,1.60E-02,3.94E-03,24.6727
2045,1.58E-02,3.90E-03,24.6028
2046,1.57E-02,3.83E-03,24.4707
2047,1.53E-02,3.72E-03,24.3156
2048,1.48E-02,3.57E-03,24.2023
2049,1.41E-02,3.41E-03,24.1667
2050,1.35E-02,3.25E-03,24.1925
2051,1.27E-02,3.09E-03,24.2015
2052,1.21E-02,2.95E-03,24.1715
2053,1.17E-02,2.83E-03,24.1854
2054,1.14E-02,2.74E-03,24.1728
2055,1.13E-02,2.72E-03,24.1444
2056,1.14E-02,2.76E-03,24.1968
2057,1.16E-02,2.84E-03,24.3283
2058,1.19E-02,2.89E-03,24.3817
2059,1.21E-02,2.94E-03,24.3045
2060,1.23E-02,2.97E-03,24.1606
2061,1.24E-02,2.97E-03,23.902
2062,1.25E-02,2.95E-03,23.6296
2063,1.25E-02,2.94E-03,23.626
2064,1.23E-02,2.95E-03,23.9378
2065,1.22E-02,2.97E-03,24.279
2066,1.22E-02,2.98E-03,24.4719
2067,1.22E-02,2.99E-03,24.5605
2068,1.23E-02,3.02E-03,24.5852
2069,1.25E-02,3.08E-03,24.5692
2070,1.28E-02,3.15E-03,24.5283
2071,1.32E-02,3.23E-03,24.4738
2072,1.36E-02,3.31E-03,24.4134
2073,1.40E-02,3.40E-03,24.3326
2074,1.44E-02,3.49E-03,24.2936
2075,1.48E-02,3.58E-03,24.3429
2076,1.52E-02,3.68E-03,24.4096
2077,1.55E-02,3.80E-03,24.4818
2078,1.58E-02,3.91E-03,24.573
2079,1.61E-02,3.98E-03,24.6141
2080,1.63E-02,4.00E-03,24.5958
2081,1.65E-02,4.02E-03,24.5366
2082,1.66E-02,4.05E-03,24.4762
2083,1.66E-02,4.06E-03,24.4038
2084,1.67E-02,4.08E-03,24.3691
2085,1.67E-02,4.08E-03,24.3651
2086,1.68E-02,4.08E-03,24.352
2087,1.68E-02,4.09E-03,24.3576
2088,1.69E-02,4.12E-03,24.4182
2089,1.69E-02,4.15E-03,24.5358
2090,1.69E-02,4.19E-03,24.7332
2091,1.70E-02,4.23E-03,24.945
2092,1.70E-02,4.25E-03,25.0027
2093,1.70E-02,4.24E-03,24.9115
2094,1.70E-02,4.21E-03,24.7976
2095,1.69E-02,4.18E-03,24.6989
2096,1.68E-02,4.14E-03,24.626
2097,1.67E-02,4.10E-03,24.6091
2098,1.65E-02,4.07E-03,24.6325
2099,1.64E-02,4.06E-03,24.6623
2100,1.64E-02,4.06E-03,24.7119
2101,1.65E-02,4.08E-03,24.7957
2102,1.66E-02,4.11E-03,24.8817
2103,1.67E-02,4.17E-03,24.9719
2104,1.69E-02,4.23E-03,25.0643
2105,1.70E-02,4.26E-03,25.0966
2106,1.70E-02,4.24E-03,25.0012
2107,1.70E-02,4.21E-03,24.8263
2108,1.69E-02,4.17E-03,24.6226
2109,1.68E-02,4.11E-03,24.3915
2110,1.68E-02,4.08E-03,24.3611
2111,1.67E-02,4.11E-03,24.6486
2112,1.66E-02,4.15E-03,25.0114
2113,1.65E-02,4.17E-03,25.2645
2114,1.64E-02,4.18E-03,25.4127
2115,1.64E-02,4.17E-03,25.4468
2116,1.63E-02,4.13E-03,25.3443
2117,1.62E-02,4.09E-03,25.1863
2118,1.62E-02,4.06E-03,25.073
2119,1.62E-02,4.05E-03,25.0171
2120,1.62E-02,4.05E-03,25.055
2121,1.63E-02,4.09E-03,25.1436
2122,1.64E-02,4.14E-03,25.2331
2123,1.65E-02,4.18E-03,25.2994
2124,1.66E-02,4.20E-03,25.3149
2125,1.66E-02,4.23E-03,25.357
2126,1.68E-02,4.25E-03,25.3603
2127,1.69E-02,4.29E-03,25.3607
2128,1.71E-02,4.34E-03,25.4009
2129,1.73E-02,4.41E-03,25.4782
2130,1.76E-02,4.49E-03,25.5276
2131,1.77E-02,4.52E-03,25.45
2132,1.78E-02,4.49E-03,25.2932
2133,1.79E-02,4.47E-03,25.2187
2134,1.79E-02,4.50E-03,25.1591
2135,1.80E-02,4.54E-03,25.2376
2136,1.81E-02,4.58E-03,25.3635
2137,1.82E-02,4.62E-03,25.3992
2138,1.83E-02,4.64E-03,25.3582
2139,1.84E-02,4.63E-03,25.2082
2140,1.85E-02,4.61E-03,24.9762
2141,1.85E-02,4.62E-03,24.9579
2142,1.85E-02,4.69E-03,25.3056
2143,1.85E-02,4.76E-03,25.7107
2144,1.85E-02,4.79E-03,25.8709
2145,1.85E-02,4.78E-03,25.8865
2146,1.84E-02,4.76E-03,25.8424
2147,1.83E-02,4.70E-03,25.7277
2148,1.81E-02,4.62E-03,25.5818
2149,1.79E-02,4.56E-03,25.5106
2150,1.77E-02,4.51E-03,25.498
2151,1.76E-02,4.47E-03,25.4458
2152,1.75E-02,4.42E-03,25.3142
2153,1.75E-02,4.40E-03,25.1641
2154,1.76E-02,4.42E-03,25.1034
2155,1.78E-02,4.48E-03,25.1504
2156,1.80E-02,4.54E-03,25.245
2157,1.81E-02,4.59E-03,25.339
2158,1.82E-02,4.62E-03,25.4053
2159,1.81E-02,4.61E-03,25.4262
2160,1.79E-02,4.56E-03,25.406
2161,1.77E-02,4.50E-03,25.3737
2162,1.75E-02,4.44E-03,25.3548
2163,1.74E-02,4.40E-03,25.3348
2164,1.73E-02,4.37E-03,25.2371
2165,1.73E-02,4.34E-03,25.0291
2166,1.74E-02,4.33E-03,24.8434
2167,1.76E-02,4.37E-03,24.8305
2168,1.78E-02,4.43E-03,24.9627
2169,1.79E-02,4.49E-03,25.0743
2170,1.80E-02,4.51E-03,25.1005
2171,1.80E-02,4.52E-03,25.098
2172,1.80E-02,4.52E-03,25.1364
2173,1.79E-02,4.50E-03,25.2217
2174,1.77E-02,4.50E-03,25.3987
2175,1.76E-02,4.52E-03,25.6909
2176,1.75E-02,4.54E-03,25.9254
2177,1.75E-02,4.51E-03,25.8102
2178,1.75E-02,4.43E-03,25.3675
2179,1.74E-02,4.34E-03,24.9444
2180,1.72E-02,4.27E-03,24.7647
2181,1.70E-02,4.21E-03,24.7819
2182,1.67E-02,4.16E-03,24.974
2183,1.63E-02,4.13E-03,25.2987
2184,1.60E-02,4.09E-03,25.5532
2185,1.59E-02,4.06E-03,25.5758
2186,1.59E-02,4.03E-03,25.4438
2187,1.60E-02,4.04E-03,25.3163
2188,1.62E-02,4.09E-03,25.2719
2189,1.64E-02,4.15E-03,25.3148
2190,1.66E-02,4.20E-03,25.3919
2191,1.66E-02,4.24E-03,25.4155
2192,1.66E-02,4.23E-03,25.3706
2193,1.64E-02,4.17E-03,25.3348
2194,1.61E-02,4.08E-03,25.3534
2195,1.58E-02,3.98E-03,25.3844
2196,1.55E-02,3.89E-03,25.3808
2197,1.52E-02,3.82E-03,25.3575
2198,1.49E-02,3.80E-03,25.3682
2199,1.48E-02,3.80E-03,25.388
2200,1.47E-02,3.77E-03,25.3731
2201,1.48E-02,3.73E-03,25.2868
2202,1.48E-02,3.71E-03,25.1573
2203,1.48E-02,3.70E-03,25.065
2204,1.49E-02,3.72E-03,25.1012
2205,1.49E-02,3.76E-03,25.2817
2206,1.49E-02,3.81E-03,25.4795
2207,1.50E-02,3.84E-03,25.4737
2208,1.52E-02,3.83E-03,25.1746
2209,1.54E-02,3.81E-03,24.7979
2210,1.55E-02,3.82E-03,24.6017
2211,1.56E-02,3.84E-03,24.6217
2212,1.56E-02,3.88E-03,24.873
2213,1.55E-02,3.92E-03,25.3278
2214,1.53E-02,3.95E-03,25.7093
2215,1.52E-02,3.92E-03,25.7761
2216,1.51E-02,3.86E-03,25.5817
2217,1.51E-02,3.82E-03,25.3713
2218,1.51E-02,3.83E-03,25.285
2219,1.52E-02,3.85E-03,25.4097
2220,1.51E-02,3.90E-03,25.7567
2221,1.50E-02,3.94E-03,26.182
2222,1.49E-02,3.95E-03,26.4279
2223,1.49E-02,3.93E-03,26.4007
2224,1.48E-02,3.89E-03,26.2873
2225,1.48E-02,3.87E-03,26.2489
2226,1.47E-02,3.86E-03,26.2564
2227,1.47E-02,3.84E-03,26.2145
2228,1.46E-02,3.82E-03,26.1008
2229,1.46E-02,3.80E-03,25.9643
2230,1.46E-02,3.78E-03,25.8409
2231,1.46E-02,3.76E-03,25.7697
2232,1.45E-02,3.74E-03,25.7746
2233,1.44E-02,3.71E-03,25.8455
2234,1.43E-02,3.68E-03,25.8364
2235,1.42E-02,3.64E-03,25.6212
2236,1.42E-02,3.59E-03,25.2922
2237,1.42E-02,3.55E-03,25.0642
2238,1.41E-02,3.53E-03,25.0224
2239,1.40E-02,3.52E-03,25.1049
2240,1.39E-02,3.52E-03,25.2914
2241,1.38E-02,3.51E-03,25.5006
2242,1.37E-02,3.51E-03,25.639
2243,1.36E-02,3.48E-03,25.6486
2244,1.35E-02,3.44E-03,25.4858
2245,1.35E-02,3.39E-03,25.0962
2246,1.35E-02,3.32E-03,24.5893
2247,1.35E-02,3.25E-03,24.1026
2248,1.35E-02,3.20E-03,23.7158
2249,1.35E-02,3.17E-03,23.5375
2250,1.34E-02,3.17E-03,23.6608
2251,1.33E-02,3.17E-03,23.8277
2252,1.32E-02,3.17E-03,23.919
2253,1.32E-02,3.14E-03,23.8466
2254,1.31E-02,3.10E-03,23.6412
2255,1.30E-02,3.05E-03,23.4348
2256,1.29E-02,3.02E-03,23.3446
2257,1.29E-02,3.01E-03,23.4007
2258,1.28E-02,3.01E-03,23.5706
2259,1.27E-02,3.01E-03,23.7626
2260,1.26E-02,3.01E-03,23.8633
2261,1.25E-02,2.98E-03,23.8224
2262,1.24E-02,2.94E-03,23.6776
2263,1.23E-02,2.89E-03,23.4655
2264,1.23E-02,2.85E-03,23.2259
2265,1.22E-02,2.81E-03,23.0191
2266,1.22E-02,2.79E-03,22.8875
2267,1.22E-02,2.77E-03,22.8632
2268,1.21E-02,2.77E-03,22.9507
2269,1.21E-02,2.79E-03,23.1275
2270,1.21E-02,2.81E-03,23.2743
2271,1.21E-02,2.81E-03,23.2416
2272,1.21E-02,2.79E-03,23.0096
2273,1.21E-02,2.75E-03,22.6529
2274,1.22E-02,2.71E-03,22.3016
2275,1.21E-02,2.69E-03,22.1677
2276,1.21E-02,2.71E-03,22.33
2277,1.21E-02,2.74E-03,22.6501
2278,1.20E-02,2.77E-03,22.9614
2279,1.20E-02,2.77E-03,23.1172
2280,1.19E-02,2.74E-03,23.0693
2281,1.18E-02,2.71E-03,22.9302
2282,1.17E-02,2.68E-03,22.8343
2283,1.17E-02,2.66E-03,22.8064
2284,1.16E-02,2.65E-03,22.8024
2285,1.16E-02,2.64E-03,22.7331
2286,1.16E-02,2.61E-03,22.5703
2287,1.15E-02,2.58E-03,22.4009
2288,1.14E-02,2.55E-03,22.3404
2289,1.12E-02,2.52E-03,22.4477
2290,1.10E-02,2.51E-03,22.7136
2291,1.08E-02,2.49E-03,23.0179
2292,1.06E-02,2.46E-03,23.214
2293,1.05E-02,2.43E-03,23.2531
2294,1.04E-02,2.41E-03,23.1639
2295,1.04E-02,2.38E-03,22.9883
2296,1.04E-02,2.36E-03,22.7907
2297,1.04E-02,2.35E-03,22.6225
2298,1.04E-02,2.34E-03,22.5029
2299,1.04E-02,2.33E-03,22.4393
2300,1.05E-02,2.35E-03,22.469
2301,1.05E-02,2.38E-03,22.5641
2302,1.06E-02,2.40E-03,22.6269
2303,1.07E-02,2.41E-03,22.5746
2304,1.07E-02,2.40E-03,22.4095
2305,1.07E-02,2.37E-03,22.1894
2306,1.06E-02,2.34E-03,22.0154
2307,1.06E-02,2.33E-03,21.9297
2308,1.07E-02,2.34E-03,21.9392
2309,1.07E-02,2.37E-03,22.0428
2310,1.08E-02,2.40E-03,22.2303
2311,1.08E-02,2.41E-03,22.4083
2312,1.07E-02,2.39E-03,22.4519
2313,1.04E-02,2.33E-03,22.2585
2314,1.01E-02,2.21E-03,21.7644
2315,9.81E-03,2.07E-03,21.047
2316,9.46E-03,1.94E-03,20.4985
2317,9.12E-03,1.87E-03,20.4595
2318,8.83E-03,1.84E-03,20.8906
2319,8.62E-03,1.85E-03,21.5177
2320,8.52E-03,1.87E-03,21.948
2321,8.52E-03,1.86E-03,21.7896
2322,8.60E-03,1.82E-03,21.1352
2323,8.73E-03,1.78E-03,20.4637
2324,8.89E-03,1.79E-03,20.1156
2325,9.05E-03,1.84E-03,20.2623
2326,9.18E-03,1.93E-03,20.9895
2327,9.26E-03,2.04E-03,21.9821
2328,9.29E-03,2.11E-03,22.708
2329,9.24E-03,2.12E-03,22.9028
2330,9.18E-03,2.07E-03,22.5559
2331,9.13E-03,1.99E-03,21.7407
2332,9.11E-03,1.91E-03,20.918
2333,9.09E-03,1.87E-03,20.5906
2334,9.04E-03,1.88E-03,20.8363
2335,8.90E-03,1.91E-03,21.4979
2336,8.69E-03,1.93E-03,22.2565
2337,8.44E-03,1.91E-03,22.6305
2338,8.18E-03,1.83E-03,22.2977
2339,7.93E-03,1.70E-03,21.4618
2340,7.73E-03,1.59E-03,20.5769
2341,7.61E-03,1.52E-03,20.0436
2342,7.56E-03,1.52E-03,20.0829
2343,7.61E-03,1.57E-03,20.6849
2344,7.68E-03,1.64E-03,21.3942
2345,7.71E-03,1.68E-03,21.8274
2346,7.64E-03,1.67E-03,21.9073
2347,7.44E-03,1.61E-03,21.6729
2348,7.14E-03,1.52E-03,21.3019
2349,6.83E-03,1.45E-03,21.1566
2350,6.56E-03,1.40E-03,21.4195
2351,6.40E-03,1.40E-03,21.8991
2352,6.37E-03,1.42E-03,22.2015
2353,6.48E-03,1.45E-03,22.3755
2354,6.67E-03,1.49E-03,22.3837
2355,6.90E-03,1.53E-03,22.2064
2356,7.13E-03,1.57E-03,21.9545
2357,7.33E-03,1.59E-03,21.7294
2358,7.50E-03,1.60E-03,21.384
2359,7.66E-03,1.59E-03,20.811
2360,7.80E-03,1.57E-03,20.2056
2361,7.87E-03,1.56E-03,19.839
2362,7.87E-03,1.56E-03,19.8139
2363,7.77E-03,1.56E-03,20.1242
2364,7.57E-03,1.57E-03,20.7005
2365,7.28E-03,1.55E-03,21.395
2366,6.92E-03,1.52E-03,21.9435
2367,6.54E-03,1.45E-03,22.0868
2368,6.20E-03,1.35E-03,21.7962
2369,5.92E-03,1.26E-03,21.3112
2370,5.75E-03,1.20E-03,20.8982
2371,5.69E-03,1.18E-03,20.6489
2372,5.72E-03,1.17E-03,20.5297
2373,5.77E-03,1.19E-03,20.5434
2374,5.81E-03,1.19E-03,20.5175
2375,5.81E-03,1.17E-03,20.144
2376,5.73E-03,1.13E-03,19.6064
2377,5.58E-03,1.09E-03,19.5324
2378,5.38E-03,1.08E-03,20.1515
2379,5.16E-03,1.08E-03,21.1453
2380,4.95E-03,1.09E-03,22.2058
2381,4.75E-03,1.11E-03,23.3537
2382,4.58E-03,1.12E-03,24.451
2383,4.45E-03,1.12E-03,25.1229
2384,4.38E-03,1.11E-03,25.3257
2385,4.37E-03,1.10E-03,25.2011
2386,4.42E-03,1.08E-03,24.512
2387,4.52E-03,1.04E-03,23.1594
2388,4.66E-03,1.00E-03,21.576
2389,4.79E-03,9.77E-04,20.4059
2390,4.90E-03,9.88E-04,20.1371
2391,5.02E-03,1.05E-03,20.8063
2392,5.14E-03,1.13E-03,21.9035
2393,5.25E-03,1.19E-03,22.6886
2394,5.36E-03,1.22E-03,22.7384
2395,5.43E-03,1.20E-03,22.1361
2396,5.45E-03,1.16E-03,21.1963
2397,5.43E-03,1.11E-03,20.4329
2398,5.40E-03,1.10E-03,20.4747
2399,5.35E-03,1.14E-03,21.2749
2400,5.30E-03,1.17E-03,22.0461
2401,5.21E-03,1.16E-03,22.3226
2402,5.06E-03,1.13E-03,22.2901
2403,4.83E-03,1.07E-03,22.1528
2404,4.55E-03,1.01E-03,22.2457
2405,4.23E-03,9.62E-04,22.967
2406,3.94E-03,9.29E-04,23.7663
2407,3.73E-03,8.77E-04,23.5161
2408,3.61E-03,8.00E-04,22.1169
2409,3.55E-03,7.27E-04,20.4597
2410,3.52E-03,6.73E-04,19.1639
2411,3.44E-03,6.35E-04,18.527
2412,3.29E-03,6.17E-04,18.8829
2413,3.09E-03,6.15E-04,20.0499
2414,2.87E-03,6.04E-04,21.0483
2415,2.68E-03,5.80E-04,21.5496
2416,2.55E-03,5.70E-04,22.256
2417,2.50E-03,5.85E-04,23.2807
2418,2.52E-03,6.05E-04,23.9018
2419,2.59E-03,6.18E-04,23.8258
2420,2.74E-03,6.27E-04,23.0811
2421,2.95E-03,6.34E-04,21.8053
2422,3.21E-03,6.57E-04,20.6583
2423,3.46E-03,7.14E-04,20.5499
2424,3.69E-03,8.14E-04,21.86
2425,3.87E-03,9.36E-04,24.0433
2426,4.02E-03,1.02E-03,25.357
2427,4.17E-03,1.07E-03,25.7792
2428,4.26E-03,1.07E-03,25.2252
2429,4.29E-03,1.02E-03,23.8718
2430,4.23E-03,9.47E-04,22.2515
2431,4.02E-03,8.53E-04,21.0703
2432,3.71E-03,7.67E-04,20.9161
2433,3.33E-03,7.14E-04,22.2024
2434,2.95E-03,7.01E-04,24.5371
2435,2.69E-03,7.12E-04,26.7031
2436,2.61E-03,7.28E-04,27.8034
2437,2.70E-03,7.40E-04,27.5771
2438,2.92E-03,7.42E-04,26.0857
2439,3.22E-03,7.31E-04,23.5203
2440,3.50E-03,7.03E-04,20.2621
2441,3.66E-03,6.67E-04,17.8775
2442,3.62E-03,6.45E-04,18.2425
2443,3.37E-03,6.29E-04,20.468
2444,2.94E-03,5.82E-04,21.7877
2445,2.41E-03,4.98E-04,21.1216
2446,1.89E-03,3.88E-04,18.6082
2447,1.47E-03,2.68E-04,14.8928
2448,1.18E-03,1.80E-04,12.3883
2449,1.06E-03,1.53E-04,12.3722
2450,1.10E-03,1.74E-04,13.9115
2451,1.23E-03,2.31E-04,16.8866
2452,1.42E-03,3.16E-04,21.1583
2453,1.66E-03,3.93E-04,24.3425
2454,1.92E-03,4.36E-04,24.7999
2455,2.17E-03,4.63E-04,23.4083
2456,2.43E-03,4.84E-04,21.0182
2457,2.64E-03,5.07E-04,19.0151
2458,2.76E-03,5.53E-04,19.4979
2459,2.78E-03,6.09E-04,21.8271
2460,2.71E-03,6.38E-04,23.7267
2461,2.57E-03,6.29E-04,24.5835
2462,2.38E-03,5.94E-04,24.9308
2463,2.19E-03,5.32E-04,24.2453
2464,2.01E-03,4.47E-04,22.0328
2465,1.84E-03,3.64E-04,19.325
2466,1.69E-03,3.03E-04,17.3669
2467,1.56E-03,2.71E-04,16.9398
2468,1.43E-03,2.69E-04,18.7046
2469,1.33E-03,2.89E-04,22.3358
2470,1.26E-03,3.25E-04,26.8882
2471,1.20E-03,3.70E-04,31.9705
2472,1.16E-03,4.27E-04,37.4503
2473,1.14E-03,4.80E-04,42.1432
2474,1.13E-03,5.08E-04,44.6797
2475,1.13E-03,5.11E-04,45.612
2476,1.12E-03,4.97E-04,44.3453
2477,1.11E-03,4.63E-04,38.5068
2478,1.08E-03,4.16E-04,32.7999
2479,9.83E-04,3.76E-04,36.7021
2480,8.44E-04,3.41E-04,49.561
2481,6.80E-04,3.02E-04,62.0244
2482,5.20E-04,2.60E-04,68.9943
2483,3.94E-04,2.14E-04,68.7331
2484,3.14E-04,1.43E-04,59.1229
2485,2.84E-04,9.30E-05,47.7959
2486,3.16E-04,1.03E-04,40.0234
2487,4.05E-04,1.58E-04,34.6873
2488,5.08E-04,2.44E-04,36.784
2489,5.82E-04,3.45E-04,50.1046
2490,6.17E-04,4.23E-04,65.4017
2491,6.15E-04,4.50E-04,72.5728
2492,5.88E-04,4.21E-04,69.8793
2493,5.56E-04,3.48E-04,59.9065
2494,5.23E-04,2.79E-04,51.66
2495,4.97E-04,2.79E-04,55.1045
2496,4.92E-04,3.08E-04,61.7195
2497,5.03E-04,3.43E-04,67.9064
2498,5.25E-04,3.67E-04,71.4978
2499,5.48E-04,3.68E-04,70.5116
2500,5.68E-04,3.36E-04,63.6474
