Wvl,Rad. (Ref.),Rad. (Target),Reflect. %
350,1.17E-01,2.79E-03,2.3152
351,1.21E-01,2.85E-03,2.3173
352,1.26E-01,2.91E-03,2.3201
353,1.29E-01,2.97E-03,2.3237
354,1.30E-01,3.00E-03,2.3279
355,1.31E-01,3.03E-03,2.3328
356,1.32E-01,3.06E-03,2.3384
357,1.32E-01,3.11E-03,2.345
358,1.34E-01,3.17E-03,2.3528
359,1.36E-01,3.26E-03,2.3619
360,1.41E-01,3.39E-03,2.3724
361,1.49E-01,3.57E-03,2.3841
362,1.58E-01,3.78E-03,2.3968
363,1.66E-01,4.01E-03,2.4103
364,1.75E-01,4.22E-03,2.4248
365,1.83E-01,4.44E-03,2.4406
366,1.91E-01,4.67E-03,2.458
367,1.98E-01,4.86E-03,2.477
368,2.01E-01,4.99E-03,2.4978
369,2.01E-01,5.04E-03,2.5204
370,1.98E-01,5.01E-03,2.5449
371,1.93E-01,4.94E-03,2.5711
372,1.88E-01,4.89E-03,2.5988
373,1.86E-01,4.91E-03,2.6279
374,1.89E-01,5.03E-03,2.6587
375,1.95E-01,5.27E-03,2.6913
376,2.04E-01,5.57E-03,2.7258
377,2.16E-01,5.95E-03,2.7623
378,2.23E-01,6.21E-03,2.801
379,2.20E-01,6.24E-03,2.8423
380,2.10E-01,6.04E-03,2.8859
381,1.96E-01,5.73E-03,2.9311
382,1.84E-01,5.51E-03,2.9778
383,1.79E-01,5.47E-03,3.0261
384,1.80E-01,5.58E-03,3.0764
385,1.86E-01,5.84E-03,3.1291
386,1.96E-01,6.24E-03,3.1844
387,2.08E-01,6.72E-03,3.2426
388,2.20E-01,7.22E-03,3.3036
389,2.29E-01,7.63E-03,3.3668
390,2.31E-01,7.84E-03,3.4321
391,2.27E-01,7.88E-03,3.4994
392,2.21E-01,7.82E-03,3.5689
393,2.12E-01,7.70E-03,3.6401
394,2.07E-01,7.69E-03,3.7129
395,2.10E-01,7.95E-03,3.787
396,2.23E-01,8.60E-03,3.8624
397,2.44E-01,9.59E-03,3.9392
398,2.67E-01,1.07E-02,4.0174
399,2.92E-01,1.20E-02,4.097
400,3.17E-01,1.33E-02,4.178
401,3.38E-01,1.45E-02,4.2598
402,3.49E-01,1.52E-02,4.3422
403,3.56E-01,1.57E-02,4.4238
404,3.59E-01,1.61E-02,4.5042
405,3.60E-01,1.64E-02,4.5827
406,3.60E-01,1.67E-02,4.659
407,3.63E-01,1.71E-02,4.7329
408,3.66E-01,1.76E-02,4.8044
409,3.71E-01,1.81E-02,4.8735
410,3.76E-01,1.87E-02,4.9405
411,3.83E-01,1.92E-02,5.0052
412,3.90E-01,1.98E-02,5.0677
413,3.95E-01,2.04E-02,5.1282
414,3.99E-01,2.08E-02,5.1863
415,4.00E-01,2.10E-02,5.2412
416,3.99E-01,2.12E-02,5.2926
417,3.97E-01,2.13E-02,5.3408
418,3.97E-01,2.14E-02,5.3864
419,3.98E-01,2.16E-02,5.4298
420,4.00E-01,2.19E-02,5.4706
421,4.02E-01,2.21E-02,5.5082
422,4.01E-01,2.22E-02,5.5427
423,4.00E-01,2.23E-02,5.5747
424,3.99E-01,2.23E-02,5.6047
425,3.99E-01,2.25E-02,5.6327
426,3.97E-01,2.25E-02,5.659
427,3.90E-01,2.22E-02,5.6838
428,3.76E-01,2.16E-02,5.7076
429,3.59E-01,2.07E-02,5.7305
430,3.54E-01,2.04E-02,5.7529
431,3.67E-01,2.11E-02,5.7748
432,3.91E-01,2.25E-02,5.7957
433,4.09E-01,2.37E-02,5.8151
434,4.21E-01,2.45E-02,5.8334
435,4.32E-01,2.52E-02,5.8516
436,4.39E-01,2.58E-02,5.8702
437,4.38E-01,2.58E-02,5.889
438,4.32E-01,2.56E-02,5.9076
439,4.34E-01,2.57E-02,5.926
440,4.45E-01,2.64E-02,5.9445
441,4.60E-01,2.74E-02,5.963
442,4.73E-01,2.82E-02,5.9815
443,4.80E-01,2.88E-02,6.0003
444,4.81E-01,2.90E-02,6.0193
445,4.81E-01,2.90E-02,6.0383
446,4.85E-01,2.93E-02,6.0578
447,4.94E-01,2.99E-02,6.0775
448,5.06E-01,3.07E-02,6.0963
449,5.17E-01,3.15E-02,6.1135
450,5.23E-01,3.21E-02,6.1297
451,5.22E-01,3.22E-02,6.1457
452,5.14E-01,3.19E-02,6.1612
453,5.07E-01,3.15E-02,6.176
454,5.10E-01,3.16E-02,6.1905
455,5.18E-01,3.21E-02,6.2053
456,5.25E-01,3.26E-02,6.2194
457,5.27E-01,3.28E-02,6.2312
458,5.26E-01,3.28E-02,6.2402
459,5.25E-01,3.28E-02,6.2471
460,5.30E-01,3.31E-02,6.2527
461,5.36E-01,3.35E-02,6.259
462,5.40E-01,3.39E-02,6.2661
463,5.37E-01,3.37E-02,6.2729
464,5.32E-01,3.34E-02,6.2788
465,5.26E-01,3.31E-02,6.2838
466,5.24E-01,3.30E-02,6.2881
467,5.24E-01,3.30E-02,6.2922
468,5.25E-01,3.31E-02,6.297
469,5.25E-01,3.31E-02,6.3031
470,5.25E-01,3.31E-02,6.3109
471,5.29E-01,3.33E-02,6.3191
472,5.35E-01,3.36E-02,6.3262
473,5.39E-01,3.39E-02,6.3332
474,5.39E-01,3.39E-02,6.3405
475,5.38E-01,3.41E-02,6.3481
476,5.38E-01,3.43E-02,6.3563
477,5.42E-01,3.47E-02,6.365
478,5.48E-01,3.51E-02,6.3736
479,5.53E-01,3.54E-02,6.3823
480,5.56E-01,3.56E-02,6.3915
481,5.57E-01,3.57E-02,6.4014
482,5.55E-01,3.57E-02,6.4121
483,5.48E-01,3.53E-02,6.4235
484,5.29E-01,3.41E-02,6.4356
485,5.08E-01,3.28E-02,6.4484
486,4.93E-01,3.19E-02,6.462
487,5.00E-01,3.23E-02,6.476
488,5.14E-01,3.33E-02,6.4906
489,5.31E-01,3.44E-02,6.5054
490,5.35E-01,3.48E-02,6.52
491,5.33E-01,3.48E-02,6.5349
492,5.30E-01,3.47E-02,6.5508
493,5.35E-01,3.51E-02,6.5693
494,5.41E-01,3.56E-02,6.5906
495,5.46E-01,3.61E-02,6.6147
496,5.45E-01,3.62E-02,6.6404
497,5.42E-01,3.61E-02,6.6677
498,5.37E-01,3.60E-02,6.6968
499,5.31E-01,3.57E-02,6.7285
500,5.24E-01,3.55E-02,6.763
501,5.20E-01,3.54E-02,6.8007
502,5.19E-01,3.55E-02,6.8419
503,5.22E-01,3.59E-02,6.8865
504,5.27E-01,3.66E-02,6.9344
505,5.34E-01,3.72E-02,6.9848
506,5.36E-01,3.77E-02,7.0383
507,5.35E-01,3.79E-02,7.0958
508,5.33E-01,3.81E-02,7.1571
509,5.35E-01,3.86E-02,7.2228
510,5.38E-01,3.91E-02,7.2934
511,5.38E-01,3.95E-02,7.3681
512,5.34E-01,3.96E-02,7.4468
513,5.27E-01,3.96E-02,7.5295
514,5.22E-01,3.97E-02,7.616
515,5.11E-01,3.93E-02,7.7065
516,4.95E-01,3.86E-02,7.801
517,4.84E-01,3.81E-02,7.8988
518,4.87E-01,3.89E-02,7.9991
519,5.01E-01,4.05E-02,8.1016
520,5.15E-01,4.22E-02,8.2055
521,5.22E-01,4.33E-02,8.3101
522,5.25E-01,4.41E-02,8.4146
523,5.30E-01,4.52E-02,8.5185
524,5.31E-01,4.59E-02,8.6215
525,5.27E-01,4.61E-02,8.7234
526,5.17E-01,4.58E-02,8.8236
527,5.18E-01,4.63E-02,8.9218
528,5.27E-01,4.77E-02,9.0173
529,5.43E-01,4.96E-02,9.11
530,5.48E-01,5.05E-02,9.1995
531,5.44E-01,5.08E-02,9.2856
532,5.38E-01,5.06E-02,9.3683
533,5.36E-01,5.08E-02,9.4475
534,5.38E-01,5.13E-02,9.5231
535,5.43E-01,5.21E-02,9.5951
536,5.43E-01,5.25E-02,9.6636
537,5.40E-01,5.25E-02,9.7286
538,5.36E-01,5.23E-02,9.7901
539,5.30E-01,5.21E-02,9.8485
540,5.25E-01,5.20E-02,9.9042
541,5.24E-01,5.22E-02,9.9577
542,5.28E-01,5.29E-02,10.0092
543,5.33E-01,5.36E-02,10.0588
544,5.36E-01,5.41E-02,10.1061
545,5.37E-01,5.44E-02,10.1507
546,5.36E-01,5.45E-02,10.1925
547,5.34E-01,5.46E-02,10.2315
548,5.34E-01,5.48E-02,10.2682
549,5.36E-01,5.51E-02,10.3027
550,5.37E-01,5.55E-02,10.3343
551,5.36E-01,5.56E-02,10.3621
552,5.36E-01,5.57E-02,10.3858
553,5.37E-01,5.59E-02,10.4069
554,5.38E-01,5.62E-02,10.4235
555,5.37E-01,5.61E-02,10.4348
556,5.32E-01,5.57E-02,10.4417
557,5.25E-01,5.50E-02,10.4439
558,5.20E-01,5.44E-02,10.4409
559,5.19E-01,5.42E-02,10.4327
560,5.21E-01,5.43E-02,10.4146
561,5.25E-01,5.46E-02,10.3917
562,5.27E-01,5.48E-02,10.3683
563,5.27E-01,5.46E-02,10.3406
564,5.25E-01,5.42E-02,10.3086
565,5.23E-01,5.38E-02,10.2728
566,5.22E-01,5.34E-02,10.2337
567,5.20E-01,5.30E-02,10.1917
568,5.17E-01,5.25E-02,10.1475
569,5.13E-01,5.19E-02,10.1017
570,5.11E-01,5.13E-02,10.0548
571,5.13E-01,5.13E-02,10.0076
572,5.18E-01,5.15E-02,9.9608
573,5.23E-01,5.18E-02,9.9156
574,5.22E-01,5.14E-02,9.8719
575,5.19E-01,5.09E-02,9.8294
576,5.17E-01,5.05E-02,9.7885
577,5.16E-01,5.02E-02,9.7492
578,5.16E-01,5.00E-02,9.7119
579,5.17E-01,5.00E-02,9.6773
580,5.22E-01,5.02E-02,9.6453
581,5.26E-01,5.05E-02,9.6161
582,5.29E-01,5.06E-02,9.5899
583,5.30E-01,5.07E-02,9.5665
584,5.27E-01,5.03E-02,9.5454
585,5.23E-01,4.98E-02,9.5267
586,5.17E-01,4.92E-02,9.5103
587,5.04E-01,4.79E-02,9.496
588,4.87E-01,4.63E-02,9.4835
589,4.71E-01,4.47E-02,9.4727
590,4.72E-01,4.47E-02,9.4633
591,4.80E-01,4.54E-02,9.4554
592,4.90E-01,4.62E-02,9.4485
593,4.90E-01,4.63E-02,9.4425
594,4.90E-01,4.62E-02,9.437
595,4.92E-01,4.64E-02,9.4316
596,4.96E-01,4.67E-02,9.4261
597,4.98E-01,4.69E-02,9.4203
598,5.00E-01,4.71E-02,9.414
599,5.01E-01,4.71E-02,9.4068
600,5.01E-01,4.71E-02,9.3991
601,5.02E-01,4.72E-02,9.3907
602,5.04E-01,4.73E-02,9.3812
603,5.09E-01,4.77E-02,9.3705
604,5.12E-01,4.80E-02,9.3589
605,5.13E-01,4.81E-02,9.3465
606,5.11E-01,4.78E-02,9.3334
607,5.09E-01,4.75E-02,9.3193
608,5.06E-01,4.72E-02,9.3037
609,5.03E-01,4.68E-02,9.2868
610,5.01E-01,4.65E-02,9.2698
611,5.00E-01,4.63E-02,9.2523
612,4.98E-01,4.60E-02,9.2347
613,4.96E-01,4.57E-02,9.2173
614,4.93E-01,4.53E-02,9.2003
615,4.89E-01,4.49E-02,9.1839
616,4.87E-01,4.46E-02,9.1687
617,4.88E-01,4.46E-02,9.1546
618,4.92E-01,4.49E-02,9.1421
619,4.97E-01,4.53E-02,9.1314
620,4.98E-01,4.53E-02,9.1225
621,4.97E-01,4.52E-02,9.1158
622,4.94E-01,4.49E-02,9.1112
623,4.90E-01,4.45E-02,9.1086
624,4.86E-01,4.42E-02,9.1077
625,4.84E-01,4.40E-02,9.108
626,4.82E-01,4.38E-02,9.1091
627,4.81E-01,4.37E-02,9.1105
628,4.79E-01,4.35E-02,9.1116
629,4.76E-01,4.34E-02,9.1119
630,4.75E-01,4.33E-02,9.111
631,4.76E-01,4.34E-02,9.1086
632,4.77E-01,4.35E-02,9.1044
633,4.79E-01,4.37E-02,9.0977
634,4.80E-01,4.38E-02,9.0884
635,4.81E-01,4.38E-02,9.0758
636,4.83E-01,4.39E-02,9.0601
637,4.85E-01,4.40E-02,9.0415
638,4.85E-01,4.40E-02,9.0204
639,4.84E-01,4.37E-02,8.9974
640,4.80E-01,4.32E-02,8.9732
641,4.79E-01,4.29E-02,8.9478
642,4.79E-01,4.27E-02,8.9213
643,4.80E-01,4.26E-02,8.8937
644,4.78E-01,4.22E-02,8.8656
645,4.72E-01,4.16E-02,8.837
646,4.65E-01,4.08E-02,8.8083
647,4.57E-01,4.00E-02,8.7797
648,4.53E-01,3.94E-02,8.7516
649,4.53E-01,3.93E-02,8.724
650,4.56E-01,3.94E-02,8.6971
651,4.60E-01,3.98E-02,8.6708
652,4.63E-01,4.00E-02,8.6453
653,4.62E-01,3.98E-02,8.6209
654,4.54E-01,3.91E-02,8.5974
655,4.37E-01,3.76E-02,8.5748
656,4.25E-01,3.65E-02,8.553
657,4.29E-01,3.67E-02,8.532
658,4.48E-01,3.83E-02,8.5118
659,4.64E-01,3.95E-02,8.4922
660,4.70E-01,4.00E-02,8.473
661,4.74E-01,4.02E-02,8.4539
662,4.76E-01,4.02E-02,8.4352
663,4.75E-01,4.00E-02,8.4169
664,4.74E-01,3.98E-02,8.399
665,4.75E-01,3.97E-02,8.3815
666,4.74E-01,3.96E-02,8.3643
667,4.74E-01,3.95E-02,8.3471
668,4.74E-01,3.95E-02,8.3306
669,4.74E-01,3.94E-02,8.3153
670,4.73E-01,3.93E-02,8.3006
671,4.71E-01,3.91E-02,8.289
672,4.70E-01,3.90E-02,8.2822
673,4.70E-01,3.91E-02,8.2825
674,4.71E-01,3.91E-02,8.2873
675,4.70E-01,3.91E-02,8.2965
676,4.70E-01,3.92E-02,8.311
677,4.70E-01,3.92E-02,8.33
678,4.69E-01,3.93E-02,8.3541
679,4.68E-01,3.93E-02,8.3828
680,4.67E-01,3.94E-02,8.4179
681,4.66E-01,3.94E-02,8.4587
682,4.65E-01,3.95E-02,8.5093
683,4.62E-01,3.96E-02,8.5698
684,4.58E-01,3.96E-02,8.6457
685,4.47E-01,3.90E-02,8.7397
686,4.23E-01,3.74E-02,8.8504
687,3.99E-01,3.59E-02,8.9759
688,3.92E-01,3.58E-02,9.1132
689,3.99E-01,3.69E-02,9.2551
690,4.09E-01,3.85E-02,9.4093
691,4.14E-01,3.98E-02,9.5977
692,4.13E-01,4.05E-02,9.8044
693,4.07E-01,4.09E-02,10.04
694,4.02E-01,4.15E-02,10.2979
695,4.08E-01,4.31E-02,10.5656
696,4.18E-01,4.52E-02,10.8337
697,4.26E-01,4.73E-02,11.1342
698,4.24E-01,4.86E-02,11.4601
699,4.17E-01,4.92E-02,11.8131
700,4.09E-01,4.98E-02,12.1761
701,4.06E-01,5.10E-02,12.5481
702,4.08E-01,5.27E-02,12.9218
703,4.14E-01,5.50E-02,13.2933
704,4.20E-01,5.74E-02,13.6679
705,4.23E-01,5.94E-02,14.0388
706,4.25E-01,6.13E-02,14.4156
707,4.27E-01,6.32E-02,14.7896
708,4.29E-01,6.50E-02,15.1697
709,4.30E-01,6.70E-02,15.5641
710,4.31E-01,6.87E-02,15.9617
711,4.31E-01,7.04E-02,16.3693
712,4.30E-01,7.20E-02,16.7807
713,4.27E-01,7.33E-02,17.1975
714,4.23E-01,7.43E-02,17.6225
715,4.06E-01,7.30E-02,18.0549
716,3.75E-01,6.92E-02,18.4941
717,3.37E-01,6.37E-02,18.9435
718,3.03E-01,5.88E-02,19.3985
719,2.92E-01,5.80E-02,19.856
720,3.06E-01,6.22E-02,20.3147
721,3.33E-01,6.91E-02,20.7702
722,3.49E-01,7.38E-02,21.226
723,3.44E-01,7.43E-02,21.684
724,3.26E-01,7.20E-02,22.139
725,3.18E-01,7.18E-02,22.5913
726,3.19E-01,7.33E-02,23.0319
727,3.21E-01,7.53E-02,23.4647
728,3.23E-01,7.71E-02,23.8931
729,3.24E-01,7.87E-02,24.3222
730,3.28E-01,8.09E-02,24.7337
731,3.38E-01,8.49E-02,25.1271
732,3.56E-01,9.07E-02,25.5121
733,3.77E-01,9.73E-02,25.883
734,3.88E-01,1.02E-01,26.2434
735,3.91E-01,1.04E-01,26.5922
736,3.92E-01,1.05E-01,26.9327
737,3.93E-01,1.07E-01,27.2592
738,3.97E-01,1.09E-01,27.571
739,4.00E-01,1.11E-01,27.8699
740,4.03E-01,1.13E-01,28.1548
741,4.07E-01,1.16E-01,28.4236
742,4.11E-01,1.18E-01,28.6789
743,4.15E-01,1.20E-01,28.9212
744,4.19E-01,1.22E-01,29.149
745,4.20E-01,1.23E-01,29.3616
746,4.21E-01,1.24E-01,29.5695
747,4.22E-01,1.25E-01,29.7665
748,4.21E-01,1.26E-01,29.9556
749,4.19E-01,1.26E-01,30.1297
750,4.17E-01,1.26E-01,30.2926
751,4.16E-01,1.27E-01,30.449
752,4.17E-01,1.27E-01,30.5883
753,4.18E-01,1.28E-01,30.7166
754,4.17E-01,1.28E-01,30.8377
755,4.16E-01,1.29E-01,30.9582
756,4.16E-01,1.29E-01,31.0828
757,4.08E-01,1.27E-01,31.2267
758,3.78E-01,1.19E-01,31.4395
759,2.99E-01,9.44E-02,31.7125
760,2.23E-01,7.09E-02,31.9383
761,1.83E-01,5.82E-02,31.916
762,1.91E-01,6.03E-02,31.7105
763,2.18E-01,6.91E-02,31.7277
764,2.39E-01,7.56E-02,31.7702
765,2.69E-01,8.53E-02,31.8061
766,3.11E-01,9.88E-02,31.848
767,3.50E-01,1.11E-01,31.915
768,3.74E-01,1.19E-01,31.9942
769,3.88E-01,1.24E-01,32.0705
770,3.95E-01,1.27E-01,32.1422
771,3.98E-01,1.28E-01,32.2069
772,3.99E-01,1.28E-01,32.2692
773,3.99E-01,1.29E-01,32.3292
774,3.99E-01,1.29E-01,32.3875
775,3.99E-01,1.29E-01,32.4425
776,3.99E-01,1.29E-01,32.4952
777,3.99E-01,1.29E-01,32.5488
778,3.99E-01,1.29E-01,32.6021
779,3.97E-01,1.29E-01,32.6548
780,3.97E-01,1.29E-01,32.7075
781,3.97E-01,1.30E-01,32.7593
782,3.96E-01,1.29E-01,32.8113
783,3.94E-01,1.29E-01,32.8588
784,3.93E-01,1.29E-01,32.9038
785,3.91E-01,1.28E-01,32.9484
786,3.88E-01,1.27E-01,32.9931
787,3.82E-01,1.26E-01,33.0379
788,3.75E-01,1.24E-01,33.0834
789,3.70E-01,1.22E-01,33.1282
790,3.66E-01,1.21E-01,33.1716
791,3.65E-01,1.21E-01,33.2144
792,3.64E-01,1.21E-01,33.2571
793,3.65E-01,1.21E-01,33.2994
794,3.65E-01,1.21E-01,33.3409
795,3.64E-01,1.21E-01,33.3816
796,3.62E-01,1.20E-01,33.422
797,3.62E-01,1.21E-01,33.4628
798,3.64E-01,1.21E-01,33.5044
799,3.63E-01,1.21E-01,33.5479
800,3.58E-01,1.20E-01,33.5934
801,3.55E-01,1.19E-01,33.6394
802,3.53E-01,1.18E-01,33.6849
803,3.53E-01,1.18E-01,33.7287
804,3.54E-01,1.19E-01,33.7698
805,3.58E-01,1.20E-01,33.8104
806,3.61E-01,1.21E-01,33.8519
807,3.60E-01,1.21E-01,33.8971
808,3.56E-01,1.20E-01,33.9441
809,3.49E-01,1.18E-01,33.9838
810,3.41E-01,1.15E-01,34.023
811,3.31E-01,1.12E-01,34.0632
812,3.14E-01,1.07E-01,34.1049
813,2.94E-01,1.00E-01,34.1464
814,2.74E-01,9.33E-02,34.1861
815,2.56E-01,8.71E-02,34.2236
816,2.47E-01,8.42E-02,34.2624
817,2.46E-01,8.37E-02,34.2995
818,2.51E-01,8.57E-02,34.3358
819,2.65E-01,9.02E-02,34.3714
820,2.79E-01,9.52E-02,34.4055
821,2.79E-01,9.56E-02,34.4388
822,2.65E-01,9.08E-02,34.4722
823,2.57E-01,8.83E-02,34.5049
824,2.69E-01,9.22E-02,34.5366
825,2.91E-01,9.97E-02,34.5683
826,2.99E-01,1.03E-01,34.6009
827,2.88E-01,9.94E-02,34.6338
828,2.81E-01,9.71E-02,34.6673
829,2.81E-01,9.68E-02,34.7021
830,2.84E-01,9.80E-02,34.7379
831,2.88E-01,9.94E-02,34.7748
832,2.90E-01,1.00E-01,34.8134
833,2.94E-01,1.02E-01,34.8539
834,3.01E-01,1.04E-01,34.8958
835,3.09E-01,1.07E-01,34.9349
836,3.16E-01,1.10E-01,34.9715
837,3.20E-01,1.11E-01,35.007
838,3.25E-01,1.13E-01,35.0443
839,3.28E-01,1.14E-01,35.0875
840,3.31E-01,1.15E-01,35.1293
841,3.33E-01,1.16E-01,35.1701
842,3.33E-01,1.17E-01,35.2065
843,3.34E-01,1.17E-01,35.2395
844,3.36E-01,1.18E-01,35.278
845,3.37E-01,1.18E-01,35.3177
846,3.39E-01,1.19E-01,35.3568
847,3.39E-01,1.19E-01,35.3953
848,3.34E-01,1.18E-01,35.4304
849,3.28E-01,1.15E-01,35.466
850,3.24E-01,1.14E-01,35.5043
851,3.23E-01,1.14E-01,35.5403
852,3.21E-01,1.13E-01,35.5751
853,3.12E-01,1.10E-01,35.6092
854,3.04E-01,1.08E-01,35.6407
855,3.08E-01,1.09E-01,35.6711
856,3.21E-01,1.13E-01,35.7024
857,3.32E-01,1.18E-01,35.7336
858,3.33E-01,1.18E-01,35.7642
859,3.32E-01,1.18E-01,35.7949
860,3.32E-01,1.18E-01,35.8251
861,3.32E-01,1.18E-01,35.8548
862,3.32E-01,1.18E-01,35.8836
863,3.32E-01,1.18E-01,35.9119
864,3.27E-01,1.17E-01,35.9387
865,3.15E-01,1.13E-01,35.9669
866,3.07E-01,1.10E-01,35.9964
867,3.07E-01,1.10E-01,36.0249
868,3.15E-01,1.13E-01,36.0524
869,3.24E-01,1.16E-01,36.0783
870,3.25E-01,1.16E-01,36.105
871,3.25E-01,1.17E-01,36.1329
872,3.24E-01,1.16E-01,36.1592
873,3.23E-01,1.16E-01,36.1823
874,3.21E-01,1.15E-01,36.2008
875,3.21E-01,1.15E-01,36.2206
876,3.21E-01,1.15E-01,36.2411
877,3.21E-01,1.15E-01,36.2611
878,3.20E-01,1.15E-01,36.2798
879,3.18E-01,1.15E-01,36.2978
880,3.16E-01,1.14E-01,36.3157
881,3.15E-01,1.13E-01,36.3365
882,3.16E-01,1.14E-01,36.3535
883,3.17E-01,1.14E-01,36.3717
884,3.16E-01,1.14E-01,36.3899
885,3.14E-01,1.13E-01,36.4033
886,3.11E-01,1.12E-01,36.4161
887,3.09E-01,1.12E-01,36.4264
888,3.10E-01,1.12E-01,36.4342
889,3.10E-01,1.12E-01,36.4385
890,3.08E-01,1.11E-01,36.4418
891,3.02E-01,1.09E-01,36.4492
892,2.92E-01,1.06E-01,36.4566
893,2.78E-01,1.01E-01,36.4664
894,2.62E-01,9.46E-02,36.475
895,2.43E-01,8.78E-02,36.4802
896,2.23E-01,8.06E-02,36.4859
897,2.10E-01,7.58E-02,36.4923
898,1.97E-01,7.13E-02,36.5036
899,1.92E-01,6.92E-02,36.5131
900,1.90E-01,6.85E-02,36.5193
901,1.93E-01,6.98E-02,36.5265
902,2.06E-01,7.46E-02,36.5354
903,2.24E-01,8.08E-02,36.541
904,2.38E-01,8.59E-02,36.5444
905,2.40E-01,8.67E-02,36.5496
906,2.23E-01,8.07E-02,36.5542
907,2.03E-01,7.39E-02,36.5582
908,1.90E-01,6.88E-02,36.5644
909,1.86E-01,6.73E-02,36.5731
910,1.88E-01,6.81E-02,36.5854
911,1.91E-01,6.91E-02,36.5987
912,1.89E-01,6.85E-02,36.6101
913,1.83E-01,6.65E-02,36.6179
914,1.79E-01,6.50E-02,36.6203
915,1.75E-01,6.34E-02,36.6123
916,1.82E-01,6.59E-02,36.6233
917,1.82E-01,6.59E-02,36.6421
918,1.95E-01,7.07E-02,36.6473
919,2.07E-01,7.50E-02,36.6696
920,2.19E-01,7.96E-02,36.7118
921,2.23E-01,8.12E-02,36.7444
922,2.19E-01,7.96E-02,36.7899
923,2.13E-01,7.74E-02,36.797
924,2.08E-01,7.56E-02,36.7752
925,2.03E-01,7.39E-02,36.7532
926,1.97E-01,7.14E-02,36.7581
927,1.82E-01,6.64E-02,36.819
928,1.57E-01,5.75E-02,36.92
929,1.27E-01,4.63E-02,36.8915
930,1.02E-01,3.71E-02,36.794
931,8.15E-02,2.98E-02,36.8597
932,6.24E-02,2.25E-02,36.4828
933,4.83E-02,1.73E-02,36.2313
934,4.34E-02,1.54E-02,35.8939
935,4.29E-02,1.52E-02,35.8987
936,4.73E-02,1.69E-02,36.2482
937,5.17E-02,1.87E-02,36.5462
938,6.44E-02,2.32E-02,36.4888
939,7.79E-02,2.81E-02,36.5041
940,8.70E-02,3.14E-02,36.6402
941,8.46E-02,3.08E-02,36.7777
942,7.62E-02,2.77E-02,36.7925
943,6.96E-02,2.52E-02,36.7485
944,6.58E-02,2.39E-02,36.7744
945,6.44E-02,2.34E-02,36.7906
946,6.62E-02,2.40E-02,36.7283
947,6.97E-02,2.53E-02,36.7014
948,7.25E-02,2.63E-02,36.6602
949,7.52E-02,2.73E-02,36.6598
950,7.64E-02,2.76E-02,36.6706
951,7.75E-02,2.81E-02,36.6247
952,7.58E-02,2.74E-02,36.5936
953,7.93E-02,2.86E-02,36.5788
954,8.04E-02,2.87E-02,36.5766
955,8.53E-02,3.07E-02,36.5911
956,8.65E-02,3.13E-02,36.5822
957,9.21E-02,3.33E-02,36.5899
958,9.57E-02,3.46E-02,36.5911
959,9.72E-02,3.50E-02,36.6017
960,9.97E-02,3.62E-02,36.6063
961,1.07E-01,3.86E-02,36.6164
962,1.15E-01,4.17E-02,36.6253
963,1.22E-01,4.41E-02,36.6512
964,1.27E-01,4.60E-02,36.6646
965,1.36E-01,4.92E-02,36.6643
966,1.43E-01,5.20E-02,36.6806
967,1.61E-01,5.83E-02,36.6849
968,1.80E-01,6.51E-02,36.7077
969,1.91E-01,6.90E-02,36.7163
970,1.94E-01,7.02E-02,36.7091
971,2.05E-01,7.42E-02,36.736
972,2.15E-01,7.78E-02,36.7431
973,2.24E-01,8.12E-02,36.7545
974,2.34E-01,8.49E-02,36.7893
975,2.44E-01,8.88E-02,36.8697
976,2.52E-01,9.23E-02,36.9948
977,2.59E-01,9.52E-02,37.1329
978,2.65E-01,9.76E-02,37.2854
979,2.67E-01,9.92E-02,37.4243
980,2.69E-01,1.00E-01,37.5558
981,2.69E-01,1.01E-01,37.6815
982,2.67E-01,1.00E-01,37.8012
983,2.62E-01,9.89E-02,37.9326
984,2.55E-01,9.69E-02,38.0582
985,2.48E-01,9.47E-02,38.1252
986,2.48E-01,9.45E-02,38.136
987,2.47E-01,9.42E-02,38.1217
988,2.46E-01,9.39E-02,38.1081
989,2.46E-01,9.37E-02,38.1021
990,2.45E-01,9.35E-02,38.0995
991,2.45E-01,9.33E-02,38.0978
992,2.44E-01,9.31E-02,38.0921
993,2.44E-01,9.29E-02,38.0785
994,2.44E-01,9.27E-02,38.0597
995,2.43E-01,9.26E-02,38.0345
996,2.43E-01,9.25E-02,38.0098
997,2.43E-01,9.23E-02,37.9944
998,2.42E-01,9.20E-02,37.988
999,2.42E-01,9.17E-02,37.984
1000,2.41E-01,9.13E-02,37.9843
1001,2.40E-01,9.10E-02,37.9888
1002,2.39E-01,9.08E-02,37.997
1003,2.39E-01,9.06E-02,38.0133
1004,2.38E-01,9.05E-02,38.0284
1005,2.38E-01,9.04E-02,38.0415
1006,2.37E-01,9.04E-02,38.053
1007,2.37E-01,9.05E-02,38.0653
1008,2.38E-01,9.06E-02,38.0777
1009,2.38E-01,9.07E-02,38.0931
1010,2.38E-01,9.07E-02,38.1107
1011,2.38E-01,9.08E-02,38.1305
1012,2.38E-01,9.08E-02,38.152
1013,2.38E-01,9.07E-02,38.1745
1014,2.38E-01,9.07E-02,38.1976
1015,2.37E-01,9.06E-02,38.2209
1016,2.37E-01,9.06E-02,38.244
1017,2.37E-01,9.05E-02,38.2664
1018,2.36E-01,9.04E-02,38.2878
1019,2.36E-01,9.04E-02,38.3086
1020,2.36E-01,9.03E-02,38.3294
1021,2.35E-01,9.02E-02,38.3513
1022,2.35E-01,9.02E-02,38.3749
1023,2.35E-01,9.01E-02,38.4003
1024,2.34E-01,9.00E-02,38.4274
1025,2.34E-01,9.00E-02,38.4562
1026,2.33E-01,8.99E-02,38.4866
1027,2.33E-01,8.98E-02,38.5184
1028,2.33E-01,8.97E-02,38.5508
1029,2.32E-01,8.96E-02,38.5834
1030,2.32E-01,8.95E-02,38.6158
1031,2.32E-01,8.95E-02,38.6477
1032,2.31E-01,8.94E-02,38.6792
1033,2.31E-01,8.93E-02,38.7103
1034,2.30E-01,8.92E-02,38.7409
1035,2.30E-01,8.91E-02,38.7712
1036,2.29E-01,8.90E-02,38.8012
1037,2.29E-01,8.90E-02,38.8313
1038,2.29E-01,8.89E-02,38.8615
1039,2.28E-01,8.88E-02,38.892
1040,2.28E-01,8.87E-02,38.9227
1041,2.27E-01,8.86E-02,38.9539
1042,2.27E-01,8.84E-02,38.9856
1043,2.26E-01,8.83E-02,39.0174
1044,2.26E-01,8.81E-02,39.0491
1045,2.25E-01,8.80E-02,39.0806
1046,2.25E-01,8.79E-02,39.1118
1047,2.24E-01,8.78E-02,39.1426
1048,2.24E-01,8.76E-02,39.1727
1049,2.23E-01,8.75E-02,39.2021
1050,2.23E-01,8.74E-02,39.2308
1051,2.22E-01,8.72E-02,39.2591
1052,2.21E-01,8.70E-02,39.2876
1053,2.21E-01,8.68E-02,39.3166
1054,2.20E-01,8.66E-02,39.346
1055,2.19E-01,8.63E-02,39.3756
1056,2.18E-01,8.60E-02,39.4052
1057,2.18E-01,8.58E-02,39.4346
1058,2.17E-01,8.55E-02,39.4634
1059,2.16E-01,8.52E-02,39.4911
1060,2.15E-01,8.49E-02,39.517
1061,2.14E-01,8.46E-02,39.5409
1062,2.13E-01,8.44E-02,39.5624
1063,2.12E-01,8.40E-02,39.5814
1064,2.11E-01,8.37E-02,39.598
1065,2.11E-01,8.34E-02,39.6121
1066,2.10E-01,8.31E-02,39.6264
1067,2.09E-01,8.28E-02,39.6391
1068,2.08E-01,8.25E-02,39.6466
1069,2.07E-01,8.22E-02,39.6514
1070,2.06E-01,8.19E-02,39.6535
1071,2.05E-01,8.16E-02,39.6481
1072,2.05E-01,8.12E-02,39.6417
1073,2.04E-01,8.09E-02,39.6394
1074,2.03E-01,8.06E-02,39.6365
1075,2.02E-01,8.02E-02,39.6333
1076,2.01E-01,7.98E-02,39.63
1077,2.00E-01,7.93E-02,39.6265
1078,1.99E-01,7.88E-02,39.6228
1079,1.98E-01,7.82E-02,39.6186
1080,1.96E-01,7.76E-02,39.6139
1081,1.95E-01,7.70E-02,39.6088
1082,1.93E-01,7.63E-02,39.604
1083,1.91E-01,7.57E-02,39.6
1084,1.90E-01,7.51E-02,39.5973
1085,1.88E-01,7.45E-02,39.5964
1086,1.87E-01,7.39E-02,39.598
1087,1.85E-01,7.33E-02,39.6023
1088,1.83E-01,7.26E-02,39.608
1089,1.81E-01,7.17E-02,39.6142
1090,1.79E-01,7.08E-02,39.6232
1091,1.76E-01,6.97E-02,39.6307
1092,1.73E-01,6.86E-02,39.6393
1093,1.70E-01,6.72E-02,39.6448
1094,1.66E-01,6.58E-02,39.6475
1095,1.62E-01,6.43E-02,39.6454
1096,1.58E-01,6.28E-02,39.6433
1097,1.55E-01,6.13E-02,39.6425
1098,1.51E-01,5.97E-02,39.648
1099,1.47E-01,5.82E-02,39.6594
1100,1.43E-01,5.67E-02,39.6738
1101,1.39E-01,5.52E-02,39.6829
1102,1.36E-01,5.38E-02,39.6833
1103,1.32E-01,5.22E-02,39.6726
1104,1.28E-01,5.06E-02,39.6424
1105,1.24E-01,4.89E-02,39.5928
1106,1.19E-01,4.71E-02,39.5261
1107,1.14E-01,4.50E-02,39.4408
1108,1.08E-01,4.26E-02,39.3348
1109,1.02E-01,4.00E-02,39.2125
1110,9.49E-02,3.71E-02,39.0787
1111,8.77E-02,3.41E-02,38.9504
1112,8.01E-02,3.11E-02,38.83
1113,7.19E-02,2.78E-02,38.7033
1114,6.38E-02,2.46E-02,38.5982
1115,5.64E-02,2.17E-02,38.544
1116,4.99E-02,1.92E-02,38.5544
1117,4.38E-02,1.69E-02,38.6132
1118,3.85E-02,1.49E-02,38.7122
1119,3.41E-02,1.32E-02,38.8435
1120,3.06E-02,1.20E-02,39.0271
1121,2.81E-02,1.10E-02,39.2585
1122,2.63E-02,1.04E-02,39.4895
1123,2.49E-02,9.90E-03,39.688
1124,2.42E-02,9.64E-03,39.8475
1125,2.40E-02,9.62E-03,39.9856
1126,2.43E-02,9.73E-03,40.0931
1127,2.47E-02,9.90E-03,40.1599
1128,2.53E-02,1.02E-02,40.1736
1129,2.62E-02,1.05E-02,40.1494
1130,2.72E-02,1.09E-02,40.1116
1131,2.85E-02,1.14E-02,40.0855
1132,2.99E-02,1.20E-02,40.0897
1133,3.15E-02,1.26E-02,40.0902
1134,3.31E-02,1.33E-02,40.0421
1135,3.47E-02,1.39E-02,39.9013
1136,3.65E-02,1.45E-02,39.6583
1137,3.82E-02,1.50E-02,39.3584
1138,3.95E-02,1.54E-02,39.0547
1139,4.01E-02,1.55E-02,38.7681
1140,3.99E-02,1.54E-02,38.4733
1141,3.94E-02,1.51E-02,38.1871
1142,3.88E-02,1.47E-02,37.9578
1143,3.81E-02,1.44E-02,37.8294
1144,3.70E-02,1.40E-02,37.7992
1145,3.60E-02,1.36E-02,37.8138
1146,3.56E-02,1.34E-02,37.8148
1147,3.60E-02,1.36E-02,37.7802
1148,3.69E-02,1.39E-02,37.7275
1149,3.84E-02,1.45E-02,37.661
1150,4.05E-02,1.52E-02,37.5804
1151,4.30E-02,1.61E-02,37.4809
1152,4.62E-02,1.73E-02,37.3636
1153,4.98E-02,1.86E-02,37.2317
1154,5.37E-02,1.99E-02,37.0871
1155,5.80E-02,2.14E-02,36.9293
1156,6.27E-02,2.30E-02,36.7603
1157,6.75E-02,2.47E-02,36.5795
1158,7.23E-02,2.63E-02,36.3827
1159,7.72E-02,2.79E-02,36.1756
1160,8.22E-02,2.96E-02,35.9687
1161,8.71E-02,3.11E-02,35.7648
1162,9.16E-02,3.26E-02,35.5712
1163,9.57E-02,3.39E-02,35.3989
1164,9.96E-02,3.51E-02,35.2476
1165,1.03E-01,3.62E-02,35.1143
1166,1.06E-01,3.72E-02,35.0012
1167,1.09E-01,3.81E-02,34.909
1168,1.12E-01,3.90E-02,34.8332
1169,1.14E-01,3.97E-02,34.7691
1170,1.16E-01,4.03E-02,34.7152
1171,1.18E-01,4.08E-02,34.6685
1172,1.19E-01,4.13E-02,34.6264
1173,1.20E-01,4.16E-02,34.5897
1174,1.21E-01,4.18E-02,34.5549
1175,1.21E-01,4.19E-02,34.5236
1176,1.22E-01,4.20E-02,34.4946
1177,1.22E-01,4.19E-02,34.4702
1178,1.21E-01,4.18E-02,34.4504
1179,1.21E-01,4.17E-02,34.4362
1180,1.20E-01,4.14E-02,34.4211
1181,1.20E-01,4.13E-02,34.4051
1182,1.20E-01,4.12E-02,34.3793
1183,1.20E-01,4.12E-02,34.3483
1184,1.20E-01,4.13E-02,34.3236
1185,1.21E-01,4.15E-02,34.3079
1186,1.22E-01,4.18E-02,34.2909
1187,1.23E-01,4.22E-02,34.2633
1188,1.24E-01,4.27E-02,34.2444
1189,1.26E-01,4.31E-02,34.2237
1190,1.27E-01,4.34E-02,34.2018
1191,1.28E-01,4.38E-02,34.1765
1192,1.29E-01,4.40E-02,34.148
1193,1.29E-01,4.41E-02,34.1157
1194,1.29E-01,4.40E-02,34.0823
1195,1.29E-01,4.38E-02,34.052
1196,1.28E-01,4.36E-02,34.0404
1197,1.28E-01,4.34E-02,34.044
1198,1.27E-01,4.32E-02,34.0627
1199,1.26E-01,4.31E-02,34.0952
1200,1.26E-01,4.31E-02,34.1405
1201,1.26E-01,4.31E-02,34.1896
1202,1.26E-01,4.33E-02,34.2444
1203,1.27E-01,4.36E-02,34.3049
1204,1.28E-01,4.39E-02,34.3732
1205,1.28E-01,4.42E-02,34.4458
1206,1.29E-01,4.45E-02,34.5222
1207,1.29E-01,4.48E-02,34.5996
1208,1.30E-01,4.51E-02,34.6774
1209,1.31E-01,4.54E-02,34.755
1210,1.31E-01,4.57E-02,34.84
1211,1.32E-01,4.61E-02,34.9273
1212,1.33E-01,4.65E-02,35.016
1213,1.34E-01,4.70E-02,35.1053
1214,1.35E-01,4.75E-02,35.1951
1215,1.36E-01,4.80E-02,35.2859
1216,1.37E-01,4.85E-02,35.3782
1217,1.38E-01,4.90E-02,35.4721
1218,1.39E-01,4.95E-02,35.5671
1219,1.40E-01,4.99E-02,35.6621
1220,1.41E-01,5.03E-02,35.7568
1221,1.42E-01,5.07E-02,35.8508
1222,1.42E-01,5.10E-02,35.9437
1223,1.42E-01,5.13E-02,36.0348
1224,1.43E-01,5.16E-02,36.1238
1225,1.44E-01,5.20E-02,36.2116
1226,1.44E-01,5.25E-02,36.2991
1227,1.45E-01,5.29E-02,36.3874
1228,1.46E-01,5.33E-02,36.4765
1229,1.47E-01,5.38E-02,36.5594
1230,1.48E-01,5.42E-02,36.6399
1231,1.49E-01,5.46E-02,36.7179
1232,1.49E-01,5.50E-02,36.7932
1233,1.50E-01,5.53E-02,36.8631
1234,1.50E-01,5.55E-02,36.9333
1235,1.51E-01,5.57E-02,37.0033
1236,1.51E-01,5.59E-02,37.0733
1237,1.51E-01,5.60E-02,37.1408
1238,1.51E-01,5.61E-02,37.2052
1239,1.51E-01,5.62E-02,37.2665
1240,1.51E-01,5.63E-02,37.3245
1241,1.51E-01,5.63E-02,37.3792
1242,1.51E-01,5.63E-02,37.4308
1243,1.50E-01,5.63E-02,37.4798
1244,1.50E-01,5.64E-02,37.5272
1245,1.50E-01,5.64E-02,37.5753
1246,1.50E-01,5.63E-02,37.6207
1247,1.49E-01,5.63E-02,37.6638
1248,1.49E-01,5.62E-02,37.704
1249,1.48E-01,5.61E-02,37.7406
1250,1.48E-01,5.59E-02,37.7669
1251,1.47E-01,5.57E-02,37.7918
1252,1.46E-01,5.54E-02,37.8212
1253,1.46E-01,5.51E-02,37.8495
1254,1.44E-01,5.47E-02,37.8778
1255,1.43E-01,5.43E-02,37.9064
1256,1.42E-01,5.38E-02,37.9353
1257,1.40E-01,5.32E-02,37.9647
1258,1.39E-01,5.27E-02,37.9948
1259,1.37E-01,5.20E-02,38.0259
1260,1.35E-01,5.14E-02,38.0574
1261,1.33E-01,5.07E-02,38.0885
1262,1.32E-01,5.01E-02,38.1187
1263,1.30E-01,4.96E-02,38.145
1264,1.29E-01,4.91E-02,38.1753
1265,1.27E-01,4.87E-02,38.2086
1266,1.27E-01,4.85E-02,38.2461
1267,1.27E-01,4.85E-02,38.2845
1268,1.27E-01,4.87E-02,38.3244
1269,1.28E-01,4.90E-02,38.3535
1270,1.28E-01,4.94E-02,38.3778
1271,1.30E-01,4.98E-02,38.3974
1272,1.31E-01,5.03E-02,38.4124
1273,1.32E-01,5.08E-02,38.4192
1274,1.33E-01,5.10E-02,38.4273
1275,1.33E-01,5.12E-02,38.4356
1276,1.34E-01,5.13E-02,38.4445
1277,1.34E-01,5.14E-02,38.451
1278,1.34E-01,5.14E-02,38.4565
1279,1.34E-01,5.14E-02,38.4587
1280,1.34E-01,5.13E-02,38.4585
1281,1.33E-01,5.12E-02,38.4564
1282,1.33E-01,5.12E-02,38.4529
1283,1.33E-01,5.12E-02,38.4483
1284,1.33E-01,5.11E-02,38.4429
1285,1.33E-01,5.10E-02,38.4372
1286,1.32E-01,5.09E-02,38.4318
1287,1.32E-01,5.06E-02,38.4266
1288,1.31E-01,5.04E-02,38.4207
1289,1.30E-01,5.00E-02,38.4136
1290,1.29E-01,4.96E-02,38.4048
1291,1.28E-01,4.92E-02,38.3944
1292,1.27E-01,4.87E-02,38.3824
1293,1.25E-01,4.81E-02,38.3682
1294,1.24E-01,4.76E-02,38.3513
1295,1.23E-01,4.70E-02,38.3313
1296,1.21E-01,4.63E-02,38.3088
1297,1.19E-01,4.57E-02,38.2841
1298,1.17E-01,4.49E-02,38.258
1299,1.16E-01,4.42E-02,38.2303
1300,1.14E-01,4.34E-02,38.2009
1301,1.12E-01,4.27E-02,38.1703
1302,1.10E-01,4.19E-02,38.1392
1303,1.08E-01,4.11E-02,38.1086
1304,1.06E-01,4.03E-02,38.0787
1305,1.04E-01,3.95E-02,38.0447
1306,1.02E-01,3.87E-02,38.0074
1307,9.97E-02,3.79E-02,37.9688
1308,9.76E-02,3.70E-02,37.9274
1309,9.54E-02,3.62E-02,37.8878
1310,9.32E-02,3.53E-02,37.8472
1311,9.11E-02,3.44E-02,37.807
1312,8.92E-02,3.37E-02,37.764
1313,8.74E-02,3.30E-02,37.7177
1314,8.58E-02,3.23E-02,37.6699
1315,8.42E-02,3.17E-02,37.6253
1316,8.27E-02,3.11E-02,37.5829
1317,8.14E-02,3.06E-02,37.538
1318,8.01E-02,3.00E-02,37.485
1319,7.87E-02,2.94E-02,37.4146
1320,7.71E-02,2.88E-02,37.3244
1321,7.54E-02,2.81E-02,37.2121
1322,7.35E-02,2.72E-02,37.0803
1323,7.12E-02,2.63E-02,36.9358
1324,6.83E-02,2.51E-02,36.78
1325,6.50E-02,2.38E-02,36.6116
1326,6.16E-02,2.24E-02,36.4596
1327,5.83E-02,2.12E-02,36.3564
1328,5.48E-02,1.99E-02,36.3034
1329,5.13E-02,1.86E-02,36.2815
1330,4.83E-02,1.75E-02,36.2719
1331,4.61E-02,1.67E-02,36.278
1332,4.48E-02,1.63E-02,36.3114
1333,4.39E-02,1.59E-02,36.3472
1334,4.30E-02,1.56E-02,36.3355
1335,4.20E-02,1.52E-02,36.2417
1336,4.13E-02,1.49E-02,36.0868
1337,4.04E-02,1.45E-02,35.891
1338,3.90E-02,1.39E-02,35.6734
1339,3.69E-02,1.31E-02,35.4336
1340,3.43E-02,1.21E-02,35.1624
1341,3.13E-02,1.09E-02,34.8785
1342,2.82E-02,9.76E-03,34.5978
1343,2.48E-02,8.50E-03,34.3179
1344,2.10E-02,7.17E-03,34.0371
1345,1.75E-02,5.91E-03,33.7623
1346,1.45E-02,4.85E-03,33.4975
1347,1.19E-02,3.95E-03,33.2505
1348,9.59E-03,3.17E-03,33.0075
1349,7.68E-03,2.52E-03,32.7399
1350,6.21E-03,2.01E-03,32.432
1351,5.22E-03,1.67E-03,32.1051
1352,4.54E-03,1.44E-03,31.7428
1353,4.02E-03,1.26E-03,31.3243
1354,3.60E-03,1.11E-03,30.8367
1355,3.38E-03,1.02E-03,30.2905
1356,3.27E-03,9.71E-04,29.6934
1357,3.19E-03,9.27E-04,29.0526
1358,3.13E-03,8.85E-04,28.3107
1359,3.12E-03,8.58E-04,27.4917
1360,3.14E-03,8.39E-04,26.7253
1361,3.16E-03,8.27E-04,26.139
1362,3.18E-03,8.20E-04,25.7604
1363,3.20E-03,8.15E-04,25.4884
1364,3.22E-03,8.10E-04,25.2147
1365,3.24E-03,8.03E-04,24.8461
1366,3.26E-03,7.92E-04,24.4184
1367,3.27E-03,7.80E-04,23.9701
1368,3.27E-03,7.66E-04,23.5335
1369,3.26E-03,7.53E-04,23.105
1370,3.24E-03,7.40E-04,22.6462
1371,3.22E-03,7.28E-04,22.2441
1372,3.18E-03,7.17E-04,21.9931
1373,3.14E-03,7.06E-04,21.9475
1374,3.09E-03,6.94E-04,22.0478
1375,3.04E-03,6.82E-04,22.2179
1376,2.98E-03,6.70E-04,22.3843
1377,2.91E-03,6.59E-04,22.5743
1378,2.85E-03,6.47E-04,22.7956
1379,2.79E-03,6.35E-04,23.0143
1380,2.72E-03,6.22E-04,23.1946
1381,2.65E-03,6.10E-04,23.3314
1382,2.58E-03,5.99E-04,23.4722
1383,2.51E-03,5.88E-04,23.6761
1384,2.44E-03,5.77E-04,23.9549
1385,2.36E-03,5.67E-04,24.2779
1386,2.29E-03,5.57E-04,24.6197
1387,2.23E-03,5.47E-04,24.9673
1388,2.16E-03,5.38E-04,25.2723
1389,2.10E-03,5.30E-04,25.5276
1390,2.04E-03,5.21E-04,25.7476
1391,1.99E-03,5.14E-04,25.9103
1392,1.93E-03,5.07E-04,25.9749
1393,1.89E-03,5.00E-04,25.9861
1394,1.84E-03,4.94E-04,26.0746
1395,1.80E-03,4.88E-04,26.365
1396,1.76E-03,4.82E-04,26.8874
1397,1.73E-03,4.77E-04,27.507
1398,1.70E-03,4.73E-04,28.0734
1399,1.67E-03,4.69E-04,28.4946
1400,1.65E-03,4.66E-04,28.854
1401,1.63E-03,4.64E-04,29.1454
1402,1.62E-03,4.63E-04,29.3541
1403,1.61E-03,4.63E-04,29.4707
1404,1.59E-03,4.63E-04,29.5022
1405,1.59E-03,4.64E-04,29.4566
1406,1.58E-03,4.65E-04,29.338
1407,1.57E-03,4.67E-04,29.0647
1408,1.58E-03,4.70E-04,28.7107
1409,1.59E-03,4.75E-04,28.4252
1410,1.61E-03,4.81E-04,28.352
1411,1.64E-03,4.88E-04,28.4989
1412,1.68E-03,4.99E-04,28.7468
1413,1.72E-03,5.12E-04,28.9732
1414,1.77E-03,5.27E-04,29.1314
1415,1.82E-03,5.46E-04,29.3174
1416,1.89E-03,5.66E-04,29.4203
1417,1.96E-03,5.89E-04,29.3149
1418,2.06E-03,6.13E-04,28.8942
1419,2.19E-03,6.39E-04,28.2288
1420,2.34E-03,6.64E-04,27.4758
1421,2.51E-03,6.89E-04,26.7868
1422,2.72E-03,7.14E-04,26.1125
1423,2.91E-03,7.38E-04,25.4376
1424,3.12E-03,7.65E-04,24.8258
1425,3.34E-03,7.93E-04,24.3305
1426,3.57E-03,8.21E-04,23.927
1427,3.77E-03,8.49E-04,23.5994
1428,3.94E-03,8.69E-04,23.3391
1429,4.06E-03,8.87E-04,23.146
1430,4.13E-03,9.02E-04,23.031
1431,4.16E-03,9.06E-04,22.9749
1432,4.16E-03,9.27E-04,22.9565
1433,4.13E-03,9.42E-04,22.9837
1434,4.11E-03,9.52E-04,23.0599
1435,4.09E-03,9.59E-04,23.155
1436,4.10E-03,9.66E-04,23.2548
1437,4.15E-03,9.79E-04,23.3918
1438,4.24E-03,1.00E-03,23.5332
1439,4.39E-03,1.04E-03,23.6132
1440,4.61E-03,1.08E-03,23.5721
1441,4.89E-03,1.14E-03,23.4227
1442,5.22E-03,1.21E-03,23.2219
1443,5.62E-03,1.30E-03,23.0272
1444,6.08E-03,1.39E-03,22.861
1445,6.61E-03,1.50E-03,22.696
1446,7.19E-03,1.62E-03,22.5421
1447,7.84E-03,1.76E-03,22.4214
1448,8.53E-03,1.91E-03,22.3362
1449,9.28E-03,2.07E-03,22.2623
1450,1.01E-02,2.24E-03,22.1841
1451,1.10E-02,2.44E-03,22.102
1452,1.21E-02,2.66E-03,21.9957
1453,1.32E-02,2.89E-03,21.8638
1454,1.43E-02,3.10E-03,21.7124
1455,1.53E-02,3.29E-03,21.539
1456,1.63E-02,3.47E-03,21.3375
1457,1.71E-02,3.61E-03,21.1378
1458,1.76E-02,3.70E-03,20.9877
1459,1.78E-02,3.73E-03,20.8975
1460,1.77E-02,3.70E-03,20.8472
1461,1.74E-02,3.63E-03,20.8354
1462,1.69E-02,3.52E-03,20.8606
1463,1.60E-02,3.35E-03,20.9235
1464,1.49E-02,3.14E-03,21.024
1465,1.40E-02,2.95E-03,21.1617
1466,1.33E-02,2.83E-03,21.352
1467,1.27E-02,2.74E-03,21.6078
1468,1.23E-02,2.68E-03,21.8787
1469,1.21E-02,2.68E-03,22.0943
1470,1.24E-02,2.75E-03,22.2194
1471,1.29E-02,2.89E-03,22.2898
1472,1.37E-02,3.05E-03,22.3305
1473,1.43E-02,3.21E-03,22.3658
1474,1.50E-02,3.37E-03,22.3845
1475,1.58E-02,3.53E-03,22.3879
1476,1.65E-02,3.69E-03,22.3981
1477,1.72E-02,3.85E-03,22.4285
1478,1.78E-02,3.99E-03,22.4775
1479,1.84E-02,4.14E-03,22.5332
1480,1.91E-02,4.31E-03,22.5895
1481,2.00E-02,4.52E-03,22.6439
1482,2.09E-02,4.76E-03,22.7036
1483,2.21E-02,5.03E-03,22.7734
1484,2.35E-02,5.36E-03,22.8371
1485,2.51E-02,5.75E-03,22.8911
1486,2.70E-02,6.21E-03,22.9462
1487,2.91E-02,6.69E-03,22.9903
1488,3.12E-02,7.20E-03,23.0177
1489,3.36E-02,7.74E-03,23.0246
1490,3.61E-02,8.30E-03,23.0018
1491,3.86E-02,8.86E-03,22.971
1492,4.11E-02,9.42E-03,22.9353
1493,4.36E-02,9.98E-03,22.9021
1494,4.61E-02,1.05E-02,22.8626
1495,4.83E-02,1.10E-02,22.8321
1496,5.03E-02,1.15E-02,22.8131
1497,5.21E-02,1.19E-02,22.8132
1498,5.37E-02,1.23E-02,22.8302
1499,5.50E-02,1.26E-02,22.8615
1500,5.59E-02,1.28E-02,22.9082
1501,5.66E-02,1.30E-02,22.9701
1502,5.75E-02,1.32E-02,23.0368
1503,5.85E-02,1.35E-02,23.0997
1504,5.98E-02,1.39E-02,23.1551
1505,6.11E-02,1.42E-02,23.2065
1506,6.25E-02,1.46E-02,23.2589
1507,6.41E-02,1.50E-02,23.3153
1508,6.57E-02,1.54E-02,23.3739
1509,6.73E-02,1.58E-02,23.4334
1510,6.86E-02,1.61E-02,23.491
1511,6.96E-02,1.64E-02,23.5485
1512,7.03E-02,1.66E-02,23.611
1513,7.11E-02,1.68E-02,23.6718
1514,7.19E-02,1.70E-02,23.7313
1515,7.26E-02,1.73E-02,23.7898
1516,7.34E-02,1.75E-02,23.848
1517,7.42E-02,1.78E-02,23.9061
1518,7.52E-02,1.81E-02,23.9645
1519,7.62E-02,1.83E-02,24.0237
1520,7.73E-02,1.86E-02,24.0837
1521,7.82E-02,1.88E-02,24.145
1522,7.90E-02,1.91E-02,24.2079
1523,7.97E-02,1.93E-02,24.2726
1524,8.04E-02,1.95E-02,24.3386
1525,8.09E-02,1.97E-02,24.4049
1526,8.14E-02,1.99E-02,24.4707
1527,8.18E-02,2.01E-02,24.5358
1528,8.23E-02,2.03E-02,24.6001
1529,8.28E-02,2.05E-02,24.6639
1530,8.33E-02,2.06E-02,24.7271
1531,8.38E-02,2.08E-02,24.79
1532,8.43E-02,2.10E-02,24.8529
1533,8.47E-02,2.11E-02,24.9165
1534,8.51E-02,2.13E-02,24.9812
1535,8.54E-02,2.14E-02,25.0467
1536,8.56E-02,2.15E-02,25.1125
1537,8.58E-02,2.16E-02,25.1782
1538,8.59E-02,2.17E-02,25.2432
1539,8.61E-02,2.18E-02,25.3078
1540,8.62E-02,2.19E-02,25.3719
1541,8.64E-02,2.20E-02,25.4357
1542,8.66E-02,2.21E-02,25.4993
1543,8.68E-02,2.22E-02,25.5628
1544,8.69E-02,2.23E-02,25.6261
1545,8.70E-02,2.23E-02,25.6893
1546,8.71E-02,2.24E-02,25.7526
1547,8.72E-02,2.25E-02,25.8161
1548,8.72E-02,2.26E-02,25.8802
1549,8.72E-02,2.26E-02,25.9447
1550,8.72E-02,2.27E-02,26.0093
1551,8.71E-02,2.27E-02,26.0733
1552,8.70E-02,2.28E-02,26.1363
1553,8.69E-02,2.28E-02,26.1979
1554,8.68E-02,2.28E-02,26.2579
1555,8.67E-02,2.28E-02,26.3161
1556,8.66E-02,2.29E-02,26.3723
1557,8.65E-02,2.29E-02,26.4266
1558,8.63E-02,2.29E-02,26.4795
1559,8.61E-02,2.29E-02,26.5318
1560,8.59E-02,2.29E-02,26.5839
1561,8.56E-02,2.28E-02,26.636
1562,8.53E-02,2.28E-02,26.6883
1563,8.49E-02,2.27E-02,26.7409
1564,8.44E-02,2.26E-02,26.7939
1565,8.38E-02,2.25E-02,26.8472
1566,8.31E-02,2.23E-02,26.9006
1567,8.23E-02,2.22E-02,26.9541
1568,8.15E-02,2.20E-02,27.0074
1569,8.08E-02,2.18E-02,27.0606
1570,7.99E-02,2.16E-02,27.1137
1571,7.92E-02,2.15E-02,27.1666
1572,7.86E-02,2.14E-02,27.2193
1573,7.81E-02,2.13E-02,27.2722
1574,7.79E-02,2.13E-02,27.3255
1575,7.77E-02,2.13E-02,27.3791
1576,7.77E-02,2.14E-02,27.4329
1577,7.80E-02,2.15E-02,27.4863
1578,7.83E-02,2.16E-02,27.5392
1579,7.87E-02,2.17E-02,27.5913
1580,7.90E-02,2.19E-02,27.6423
1581,7.93E-02,2.20E-02,27.692
1582,7.97E-02,2.21E-02,27.7401
1583,7.99E-02,2.22E-02,27.7865
1584,8.00E-02,2.22E-02,27.8312
1585,8.00E-02,2.23E-02,27.874
1586,7.99E-02,2.23E-02,27.9149
1587,7.99E-02,2.23E-02,27.9542
1588,7.98E-02,2.23E-02,27.9923
1589,7.97E-02,2.24E-02,28.0294
1590,7.97E-02,2.24E-02,28.066
1591,7.96E-02,2.24E-02,28.1024
1592,7.96E-02,2.24E-02,28.1393
1593,7.96E-02,2.24E-02,28.1768
1594,7.94E-02,2.24E-02,28.215
1595,7.92E-02,2.24E-02,28.254
1596,7.88E-02,2.23E-02,28.2937
1597,7.84E-02,2.22E-02,28.3342
1598,7.79E-02,2.21E-02,28.3753
1599,7.74E-02,2.20E-02,28.4168
1600,7.69E-02,2.19E-02,28.4587
1601,7.65E-02,2.18E-02,28.5008
1602,7.61E-02,2.17E-02,28.5432
1603,7.59E-02,2.17E-02,28.5855
1604,7.57E-02,2.17E-02,28.6278
1605,7.56E-02,2.17E-02,28.6698
1606,7.54E-02,2.17E-02,28.7114
1607,7.54E-02,2.17E-02,28.7522
1608,7.54E-02,2.17E-02,28.7922
1609,7.55E-02,2.18E-02,28.8312
1610,7.56E-02,2.18E-02,28.869
1611,7.57E-02,2.19E-02,28.9055
1612,7.59E-02,2.20E-02,28.9406
1613,7.62E-02,2.21E-02,28.9743
1614,7.64E-02,2.22E-02,29.0065
1615,7.66E-02,2.22E-02,29.0371
1616,7.67E-02,2.23E-02,29.0659
1617,7.69E-02,2.24E-02,29.0927
1618,7.70E-02,2.24E-02,29.1172
1619,7.71E-02,2.25E-02,29.1396
1620,7.72E-02,2.25E-02,29.1605
1621,7.74E-02,2.26E-02,29.1802
1622,7.75E-02,2.26E-02,29.199
1623,7.76E-02,2.27E-02,29.2171
1624,7.77E-02,2.27E-02,29.2345
1625,7.77E-02,2.27E-02,29.2514
1626,7.77E-02,2.27E-02,29.2681
1627,7.76E-02,2.27E-02,29.2848
1628,7.74E-02,2.27E-02,29.3016
1629,7.71E-02,2.26E-02,29.3188
1630,7.68E-02,2.25E-02,29.3366
1631,7.64E-02,2.24E-02,29.3553
1632,7.60E-02,2.23E-02,29.375
1633,7.55E-02,2.22E-02,29.396
1634,7.50E-02,2.20E-02,29.4181
1635,7.45E-02,2.19E-02,29.4413
1636,7.40E-02,2.18E-02,29.4657
1637,7.35E-02,2.17E-02,29.4907
1638,7.31E-02,2.16E-02,29.5156
1639,7.28E-02,2.15E-02,29.5394
1640,7.25E-02,2.14E-02,29.5618
1641,7.23E-02,2.14E-02,29.5825
1642,7.22E-02,2.14E-02,29.6014
1643,7.21E-02,2.13E-02,29.6185
1644,7.20E-02,2.13E-02,29.6334
1645,7.19E-02,2.13E-02,29.6487
1646,7.18E-02,2.13E-02,29.662
1647,7.17E-02,2.13E-02,29.671
1648,7.16E-02,2.12E-02,29.6754
1649,7.14E-02,2.12E-02,29.6719
1650,7.13E-02,2.12E-02,29.6637
1651,7.12E-02,2.12E-02,29.6506
1652,7.12E-02,2.11E-02,29.6323
1653,7.12E-02,2.11E-02,29.6039
1654,7.12E-02,2.11E-02,29.5713
1655,7.13E-02,2.11E-02,29.5378
1656,7.13E-02,2.10E-02,29.5044
1657,7.13E-02,2.10E-02,29.4704
1658,7.13E-02,2.10E-02,29.4338
1659,7.11E-02,2.09E-02,29.3949
1660,7.08E-02,2.08E-02,29.354
1661,7.04E-02,2.06E-02,29.3114
1662,7.00E-02,2.05E-02,29.2671
1663,6.96E-02,2.03E-02,29.221
1664,6.93E-02,2.02E-02,29.1731
1665,6.89E-02,2.01E-02,29.1233
1666,6.87E-02,2.00E-02,29.0717
1667,6.86E-02,1.99E-02,29.0184
1668,6.85E-02,1.98E-02,28.9645
1669,6.84E-02,1.98E-02,28.9102
1670,6.84E-02,1.97E-02,28.8536
1671,6.83E-02,1.96E-02,28.7951
1672,6.81E-02,1.96E-02,28.7312
1673,6.80E-02,1.95E-02,28.6635
1674,6.78E-02,1.94E-02,28.5916
1675,6.76E-02,1.93E-02,28.5151
1676,6.74E-02,1.92E-02,28.4316
1677,6.73E-02,1.91E-02,28.3447
1678,6.71E-02,1.90E-02,28.2515
1679,6.69E-02,1.88E-02,28.1499
1680,6.67E-02,1.87E-02,28.0453
1681,6.66E-02,1.86E-02,27.9348
1682,6.63E-02,1.85E-02,27.8188
1683,6.61E-02,1.83E-02,27.7033
1684,6.59E-02,1.82E-02,27.5837
1685,6.57E-02,1.80E-02,27.4562
1686,6.54E-02,1.79E-02,27.3272
1687,6.52E-02,1.77E-02,27.198
1688,6.50E-02,1.76E-02,27.0707
1689,6.48E-02,1.75E-02,26.9407
1690,6.46E-02,1.73E-02,26.8115
1691,6.43E-02,1.72E-02,26.6783
1692,6.41E-02,1.70E-02,26.5431
1693,6.39E-02,1.69E-02,26.4078
1694,6.36E-02,1.67E-02,26.2867
1695,6.34E-02,1.66E-02,26.1735
1696,6.31E-02,1.65E-02,26.074
1697,6.29E-02,1.63E-02,25.9762
1698,6.27E-02,1.62E-02,25.8805
1699,6.26E-02,1.61E-02,25.7864
1700,6.24E-02,1.60E-02,25.6956
1701,6.21E-02,1.59E-02,25.6076
1702,6.19E-02,1.58E-02,25.5264
1703,6.16E-02,1.57E-02,25.4469
1704,6.12E-02,1.55E-02,25.3695
1705,6.09E-02,1.54E-02,25.296
1706,6.04E-02,1.52E-02,25.2265
1707,6.00E-02,1.51E-02,25.1605
1708,5.97E-02,1.50E-02,25.0981
1709,5.95E-02,1.49E-02,25.0395
1710,5.94E-02,1.48E-02,24.9846
1711,5.94E-02,1.48E-02,24.9331
1712,5.95E-02,1.48E-02,24.8848
1713,5.96E-02,1.48E-02,24.8401
1714,5.97E-02,1.48E-02,24.7941
1715,5.97E-02,1.48E-02,24.7536
1716,5.95E-02,1.47E-02,24.7207
1717,5.91E-02,1.46E-02,24.6937
1718,5.86E-02,1.44E-02,24.6725
1719,5.81E-02,1.43E-02,24.6546
1720,5.74E-02,1.41E-02,24.6401
1721,5.66E-02,1.39E-02,24.6288
1722,5.60E-02,1.38E-02,24.6221
1723,5.55E-02,1.37E-02,24.6196
1724,5.53E-02,1.36E-02,24.6222
1725,5.51E-02,1.36E-02,24.6266
1726,5.49E-02,1.35E-02,24.629
1727,5.48E-02,1.35E-02,24.631
1728,5.46E-02,1.34E-02,24.6316
1729,5.43E-02,1.33E-02,24.6309
1730,5.38E-02,1.32E-02,24.6297
1731,5.32E-02,1.31E-02,24.6294
1732,5.25E-02,1.30E-02,24.63
1733,5.19E-02,1.28E-02,24.631
1734,5.13E-02,1.27E-02,24.6312
1735,5.08E-02,1.26E-02,24.6297
1736,5.04E-02,1.25E-02,24.6256
1737,5.01E-02,1.24E-02,24.6183
1738,4.97E-02,1.23E-02,24.6073
1739,4.94E-02,1.22E-02,24.5928
1740,4.91E-02,1.21E-02,24.5756
1741,4.87E-02,1.20E-02,24.5572
1742,4.84E-02,1.19E-02,24.5388
1743,4.81E-02,1.18E-02,24.5206
1744,4.78E-02,1.18E-02,24.5016
1745,4.76E-02,1.17E-02,24.4807
1746,4.74E-02,1.16E-02,24.4573
1747,4.72E-02,1.16E-02,24.4315
1748,4.71E-02,1.15E-02,24.4037
1749,4.70E-02,1.15E-02,24.3742
1750,4.68E-02,1.14E-02,24.3441
1751,4.66E-02,1.13E-02,24.3149
1752,4.62E-02,1.12E-02,24.2884
1753,4.58E-02,1.11E-02,24.2654
1754,4.53E-02,1.10E-02,24.2457
1755,4.48E-02,1.08E-02,24.2284
1756,4.42E-02,1.07E-02,24.2129
1757,4.36E-02,1.06E-02,24.1989
1758,4.29E-02,1.04E-02,24.1863
1759,4.22E-02,1.02E-02,24.175
1760,4.14E-02,9.98E-03,24.1647
1761,4.06E-02,9.76E-03,24.155
1762,3.96E-02,9.54E-03,24.1468
1763,3.87E-02,9.32E-03,24.141
1764,3.77E-02,9.11E-03,24.1383
1765,3.69E-02,8.91E-03,24.1378
1766,3.62E-02,8.75E-03,24.1376
1767,3.56E-02,8.60E-03,24.1371
1768,3.49E-02,8.44E-03,24.1376
1769,3.41E-02,8.27E-03,24.1416
1770,3.33E-02,8.07E-03,24.1495
1771,3.24E-02,7.85E-03,24.1605
1772,3.13E-02,7.57E-03,24.1685
1773,3.00E-02,7.26E-03,24.1795
1774,2.86E-02,6.93E-03,24.1927
1775,2.74E-02,6.63E-03,24.2017
1776,2.63E-02,6.35E-03,24.2032
1777,2.52E-02,6.10E-03,24.2027
1778,2.43E-02,5.86E-03,24.2184
1779,2.34E-02,5.67E-03,24.2371
1780,2.28E-02,5.50E-03,24.2558
1781,2.21E-02,5.36E-03,24.2737
1782,2.15E-02,5.21E-03,24.2905
1783,2.08E-02,5.06E-03,24.3154
1784,2.01E-02,4.90E-03,24.3416
1785,1.94E-02,4.75E-03,24.3711
1786,1.88E-02,4.59E-03,24.3874
1787,1.81E-02,4.42E-03,24.3835
1788,1.74E-02,4.23E-03,24.3378
1789,1.65E-02,4.00E-03,24.283
1790,1.53E-02,3.71E-03,24.2484
1791,1.40E-02,3.41E-03,24.2438
1792,1.27E-02,3.10E-03,24.2752
1793,1.16E-02,2.81E-03,24.3599
1794,1.04E-02,2.54E-03,24.5006
1795,9.28E-03,2.29E-03,24.6467
1796,8.40E-03,2.08E-03,24.7388
1797,7.74E-03,1.92E-03,24.7644
1798,7.19E-03,1.78E-03,24.7808
1799,6.62E-03,1.64E-03,24.8509
1800,5.95E-03,1.48E-03,24.9995
1801,5.25E-03,1.32E-03,25.1985
1802,4.60E-03,1.18E-03,25.4517
1803,4.05E-03,1.05E-03,25.7903
1804,3.60E-03,9.45E-04,26.2466
1805,3.21E-03,8.61E-04,26.7125
1806,2.90E-03,7.87E-04,27.0222
1807,2.67E-03,7.24E-04,27.0821
1808,2.50E-03,6.70E-04,26.9905
1809,2.36E-03,6.20E-04,26.8773
1810,2.21E-03,5.74E-04,26.8628
1811,2.07E-03,5.31E-04,26.9336
1812,1.93E-03,4.95E-04,26.9903
1813,1.81E-03,4.67E-04,26.9331
1814,1.70E-03,4.44E-04,26.6464
1815,1.61E-03,4.23E-04,26.2618
1816,1.53E-03,4.03E-04,26.0131
1817,1.47E-03,3.86E-04,26.0576
1818,1.41E-03,3.76E-04,26.2883
1819,1.37E-03,3.68E-04,26.682
1820,1.33E-03,3.60E-04,27.2389
1821,1.30E-03,3.53E-04,28.2327
1822,1.27E-03,3.47E-04,29.3474
1823,1.24E-03,3.41E-04,30.0006
1824,1.22E-03,3.36E-04,29.6916
1825,1.20E-03,3.32E-04,28.6653
1826,1.18E-03,3.29E-04,27.558
1827,1.17E-03,3.26E-04,26.9816
1828,1.16E-03,3.24E-04,26.911
1829,1.16E-03,3.23E-04,27.0767
1830,1.15E-03,3.22E-04,27.29
1831,1.15E-03,3.22E-04,27.522
1832,1.15E-03,3.21E-04,27.8408
1833,1.14E-03,3.21E-04,28.0996
1834,1.14E-03,3.21E-04,28.1529
1835,1.14E-03,3.20E-04,28.0221
1836,1.14E-03,3.19E-04,27.8231
1837,1.14E-03,3.18E-04,27.6757
1838,1.14E-03,3.17E-04,27.6148
1839,1.14E-03,3.17E-04,27.5906
1840,1.15E-03,3.18E-04,27.6332
1841,1.15E-03,3.20E-04,27.7816
1842,1.15E-03,3.21E-04,28.0486
1843,1.16E-03,3.23E-04,28.3457
1844,1.16E-03,3.25E-04,28.5827
1845,1.16E-03,3.26E-04,28.8387
1846,1.16E-03,3.28E-04,29.0498
1847,1.16E-03,3.29E-04,29.0523
1848,1.16E-03,3.30E-04,28.6354
1849,1.16E-03,3.30E-04,27.8612
1850,1.16E-03,3.31E-04,27.1565
1851,1.16E-03,3.31E-04,26.9257
1852,1.16E-03,3.32E-04,27.1303
1853,1.16E-03,3.31E-04,27.5554
1854,1.15E-03,3.30E-04,28.0142
1855,1.15E-03,3.29E-04,28.4915
1856,1.14E-03,3.27E-04,29.0556
1857,1.14E-03,3.25E-04,29.5315
1858,1.13E-03,3.23E-04,29.773
1859,1.13E-03,3.19E-04,29.8471
1860,1.13E-03,3.16E-04,29.7626
1861,1.13E-03,3.14E-04,29.5029
1862,1.13E-03,3.13E-04,28.9378
1863,1.14E-03,3.13E-04,28.1929
1864,1.16E-03,3.16E-04,27.5557
1865,1.18E-03,3.19E-04,27.2456
1866,1.21E-03,3.22E-04,27.1524
1867,1.24E-03,3.25E-04,27.1432
1868,1.27E-03,3.30E-04,27.0961
1869,1.30E-03,3.37E-04,27.0136
1870,1.34E-03,3.48E-04,26.9496
1871,1.39E-03,3.62E-04,26.9433
1872,1.45E-03,3.81E-04,26.9377
1873,1.51E-03,4.04E-04,26.9391
1874,1.58E-03,4.31E-04,27.1641
1875,1.66E-03,4.64E-04,27.8537
1876,1.75E-03,5.04E-04,29.1007
1877,1.83E-03,5.49E-04,30.4739
1878,1.92E-03,5.96E-04,31.4928
1879,2.00E-03,6.38E-04,32.1111
1880,2.06E-03,6.72E-04,32.4855
1881,2.07E-03,6.85E-04,32.6003
1882,2.01E-03,6.66E-04,34.249
1883,1.90E-03,6.16E-04,34.7586
1884,1.76E-03,5.50E-04,32.5038
1885,1.60E-03,4.73E-04,29.2175
1886,1.42E-03,3.92E-04,24.8019
1887,1.25E-03,3.15E-04,20.8673
1888,1.07E-03,2.46E-04,17.6023
1889,8.54E-04,1.97E-04,17.2124
1890,6.36E-04,1.86E-04,26.0472
1891,4.64E-04,2.46E-04,55.372
1892,3.99E-04,3.40E-04,84.0404
1893,4.21E-04,3.33E-04,81.2746
1894,4.59E-04,2.25E-04,52.8226
1895,4.88E-04,1.13E-04,23.6859
1896,4.84E-04,5.35E-05,9.7878
1897,4.60E-04,1.60E-05,2.5718
1898,4.43E-04,0.00E+00,0
1899,4.42E-04,1.16E-05,2.7964
1900,4.49E-04,4.37E-05,9.8587
1901,4.60E-04,8.01E-05,17.2871
1902,4.82E-04,1.33E-04,27.312
1903,5.00E-04,1.76E-04,35.3738
1904,4.92E-04,1.70E-04,34.2147
1905,4.61E-04,1.12E-04,23.4823
1906,4.24E-04,5.17E-05,12.0606
1907,3.86E-04,1.77E-05,4.731
1908,3.53E-04,1.00E-16,0
1909,3.42E-04,0.00E+00,0
1910,3.52E-04,5.61E-05,14.2839
1911,3.73E-04,1.35E-04,34.2185
1912,3.97E-04,1.76E-04,44.1215
1913,4.18E-04,1.73E-04,42.2455
1914,4.21E-04,1.50E-04,35.4402
1915,4.08E-04,1.20E-04,28.3248
1916,3.83E-04,7.67E-05,18.9857
1917,3.54E-04,3.65E-05,10.3709
1918,3.35E-04,1.32E-05,4.404
1919,3.23E-04,1.00E-16,0.0615
1920,3.04E-04,0.00E+00,0
1921,2.88E-04,2.21E-05,7.2941
1922,2.82E-04,5.59E-05,18.524
1923,2.75E-04,7.79E-05,27.1062
1924,2.65E-04,8.72E-05,33.4896
1925,2.46E-04,8.95E-05,37.5312
1926,2.29E-04,8.50E-05,37.0818
1927,2.22E-04,7.17E-05,31.9948
1928,2.24E-04,6.18E-05,27.5769
1929,2.32E-04,6.54E-05,28.0745
1930,2.46E-04,7.73E-05,31.221
1931,2.62E-04,8.76E-05,33.4361
1932,2.79E-04,9.81E-05,34.7794
1933,2.97E-04,1.05E-04,34.7272
1934,3.20E-04,9.56E-05,30.2766
1935,3.40E-04,6.08E-05,18.8821
1936,3.72E-04,2.52E-05,7.2876
1937,4.33E-04,1.33E-05,2.7697
1938,5.19E-04,1.70E-05,3.4408
1939,6.15E-04,4.03E-05,6.6673
1940,7.21E-04,1.02E-04,12.8934
1941,8.21E-04,1.86E-04,21.3162
1942,8.93E-04,2.31E-04,25.543
1943,9.50E-04,2.04E-04,22.0465
1944,9.85E-04,1.52E-04,15.6921
1945,1.02E-03,1.27E-04,12.3869
1946,1.07E-03,1.26E-04,11.7969
1947,1.15E-03,1.41E-04,12.2933
1948,1.27E-03,1.81E-04,13.4942
1949,1.43E-03,2.28E-04,15.6762
1950,1.57E-03,2.61E-04,16.7568
1951,1.66E-03,2.46E-04,15.0542
1952,1.71E-03,2.08E-04,12.2651
1953,1.71E-03,1.92E-04,11.2214
1954,1.63E-03,2.09E-04,12.993
1955,1.54E-03,2.37E-04,15.4703
1956,1.57E-03,2.60E-04,16.5064
1957,1.68E-03,2.79E-04,16.4369
1958,1.89E-03,3.03E-04,15.9233
1959,2.24E-03,3.36E-04,15.1748
1960,2.69E-03,3.76E-04,14.0995
1961,3.24E-03,4.29E-04,13.2147
1962,3.88E-03,4.91E-04,12.6679
1963,4.62E-03,5.67E-04,12.3046
1964,5.52E-03,6.68E-04,12.087
1965,6.63E-03,7.99E-04,12.0366
1966,7.75E-03,9.37E-04,12.1019
1967,8.70E-03,1.07E-03,12.2683
1968,9.56E-03,1.20E-03,12.5574
1969,1.03E-02,1.31E-03,12.7633
1970,1.07E-02,1.37E-03,12.7166
1971,1.11E-02,1.39E-03,12.5669
1972,1.15E-02,1.43E-03,12.5295
1973,1.20E-02,1.51E-03,12.6022
1974,1.25E-02,1.59E-03,12.6457
1975,1.31E-02,1.67E-03,12.6198
1976,1.39E-02,1.74E-03,12.632
1977,1.46E-02,1.82E-03,12.7176
1978,1.51E-02,1.92E-03,12.8383
1979,1.56E-02,2.03E-03,13.0152
1980,1.61E-02,2.14E-03,13.2268
1981,1.67E-02,2.25E-03,13.4487
1982,1.72E-02,2.34E-03,13.5077
1983,1.77E-02,2.39E-03,13.4343
1984,1.80E-02,2.39E-03,13.3311
1985,1.82E-02,2.38E-03,13.2379
1986,1.82E-02,2.39E-03,13.204
1987,1.81E-02,2.42E-03,13.342
1988,1.80E-02,2.45E-03,13.6005
1989,1.81E-02,2.49E-03,13.8044
1990,1.81E-02,2.53E-03,13.9324
1991,1.81E-02,2.52E-03,13.912
1992,1.80E-02,2.47E-03,13.7191
1993,1.76E-02,2.38E-03,13.4886
1994,1.69E-02,2.26E-03,13.4013
1995,1.56E-02,2.10E-03,13.4415
1996,1.42E-02,1.92E-03,13.5164
1997,1.26E-02,1.72E-03,13.6049
1998,1.09E-02,1.50E-03,13.7139
1999,9.37E-03,1.29E-03,13.8049
2000,7.97E-03,1.10E-03,13.8178
2001,6.80E-03,9.46E-04,13.9192
2002,6.03E-03,8.63E-04,14.318
2003,5.62E-03,8.45E-04,15.0466
2004,5.52E-03,8.58E-04,15.5597
2005,5.77E-03,8.90E-04,15.4496
2006,6.31E-03,9.46E-04,15.0099
2007,6.86E-03,1.01E-03,14.7087
2008,7.45E-03,1.09E-03,14.5619
2009,7.98E-03,1.16E-03,14.5693
2010,8.21E-03,1.21E-03,14.7964
2011,8.14E-03,1.23E-03,15.1096
2012,7.98E-03,1.24E-03,15.382
2013,7.80E-03,1.22E-03,15.5299
2014,7.57E-03,1.18E-03,15.5133
2015,7.60E-03,1.18E-03,15.4134
2016,7.91E-03,1.21E-03,15.4084
2017,8.45E-03,1.27E-03,15.4546
2018,9.23E-03,1.39E-03,15.5243
2019,1.03E-02,1.57E-03,15.5289
2020,1.15E-02,1.78E-03,15.5388
2021,1.28E-02,2.01E-03,15.5276
2022,1.43E-02,2.26E-03,15.4888
2023,1.57E-02,2.47E-03,15.4736
2024,1.69E-02,2.64E-03,15.4815
2025,1.80E-02,2.78E-03,15.4982
2026,1.90E-02,2.92E-03,15.5185
2027,1.98E-02,3.05E-03,15.5627
2028,2.06E-02,3.17E-03,15.5507
2029,2.14E-02,3.30E-03,15.5013
2030,2.22E-02,3.43E-03,15.4933
2031,2.29E-02,3.56E-03,15.4993
2032,2.37E-02,3.69E-03,15.5166
2033,2.44E-02,3.81E-03,15.5199
2034,2.49E-02,3.90E-03,15.5353
2035,2.53E-02,3.96E-03,15.5502
2036,2.55E-02,3.98E-03,15.584
2037,2.54E-02,3.97E-03,15.6274
2038,2.51E-02,3.92E-03,15.6547
2039,2.48E-02,3.88E-03,15.6822
2040,2.46E-02,3.84E-03,15.7104
2041,2.44E-02,3.82E-03,15.7352
2042,2.42E-02,3.81E-03,15.7536
2043,2.42E-02,3.81E-03,15.7727
2044,2.41E-02,3.81E-03,15.8049
2045,2.39E-02,3.79E-03,15.816
2046,2.35E-02,3.74E-03,15.8198
2047,2.29E-02,3.65E-03,15.8098
2048,2.20E-02,3.50E-03,15.8169
2049,2.10E-02,3.32E-03,15.8202
2050,2.00E-02,3.15E-03,15.8106
2051,1.89E-02,2.97E-03,15.7876
2052,1.80E-02,2.83E-03,15.7926
2053,1.75E-02,2.75E-03,15.8096
2054,1.72E-02,2.72E-03,15.8343
2055,1.71E-02,2.73E-03,15.8673
2056,1.74E-02,2.78E-03,15.9098
2057,1.77E-02,2.84E-03,15.964
2058,1.81E-02,2.90E-03,16.004
2059,1.84E-02,2.95E-03,16.037
2060,1.87E-02,3.00E-03,16.0651
2061,1.88E-02,3.03E-03,16.1039
2062,1.88E-02,3.05E-03,16.1406
2063,1.87E-02,3.05E-03,16.1736
2064,1.85E-02,3.02E-03,16.2019
2065,1.84E-02,2.98E-03,16.2221
2066,1.84E-02,2.98E-03,16.2586
2067,1.84E-02,2.99E-03,16.2904
2068,1.86E-02,3.02E-03,16.3147
2069,1.90E-02,3.09E-03,16.3372
2070,1.95E-02,3.18E-03,16.3622
2071,2.00E-02,3.27E-03,16.401
2072,2.05E-02,3.36E-03,16.453
2073,2.11E-02,3.46E-03,16.4961
2074,2.17E-02,3.58E-03,16.5375
2075,2.24E-02,3.70E-03,16.5757
2076,2.29E-02,3.81E-03,16.6082
2077,2.35E-02,3.92E-03,16.6352
2078,2.39E-02,4.01E-03,16.6621
2079,2.43E-02,4.08E-03,16.7024
2080,2.46E-02,4.12E-03,16.7462
2081,2.48E-02,4.15E-03,16.7906
2082,2.49E-02,4.18E-03,16.8233
2083,2.49E-02,4.21E-03,16.8592
2084,2.50E-02,4.23E-03,16.8841
2085,2.50E-02,4.26E-03,16.9009
2086,2.50E-02,4.28E-03,16.9157
2087,2.51E-02,4.28E-03,16.9284
2088,2.53E-02,4.27E-03,16.9346
2089,2.54E-02,4.26E-03,16.9426
2090,2.54E-02,4.27E-03,16.9489
2091,2.54E-02,4.28E-03,16.9641
2092,2.54E-02,4.30E-03,16.9848
2093,2.53E-02,4.32E-03,17.0116
2094,2.53E-02,4.33E-03,17.0485
2095,2.52E-02,4.31E-03,17.0845
2096,2.51E-02,4.28E-03,17.12
2097,2.50E-02,4.25E-03,17.1526
2098,2.48E-02,4.24E-03,17.1716
2099,2.47E-02,4.23E-03,17.2139
2100,2.47E-02,4.24E-03,17.27
2101,2.47E-02,4.27E-03,17.3235
2102,2.48E-02,4.31E-03,17.3498
2103,2.50E-02,4.35E-03,17.3915
2104,2.52E-02,4.39E-03,17.4465
2105,2.53E-02,4.42E-03,17.4985
2106,2.54E-02,4.45E-03,17.5126
2107,2.54E-02,4.46E-03,17.5203
2108,2.53E-02,4.44E-03,17.5049
2109,2.51E-02,4.39E-03,17.4647
2110,2.50E-02,4.35E-03,17.3954
2111,2.49E-02,4.32E-03,17.3349
2112,2.48E-02,4.29E-03,17.3433
2113,2.47E-02,4.30E-03,17.4427
2114,2.46E-02,4.34E-03,17.5922
2115,2.45E-02,4.36E-03,17.7077
2116,2.44E-02,4.36E-03,17.7811
2117,2.44E-02,4.34E-03,17.8189
2118,2.43E-02,4.33E-03,17.8355
2119,2.43E-02,4.33E-03,17.858
2120,2.44E-02,4.34E-03,17.8381
2121,2.44E-02,4.36E-03,17.8527
2122,2.46E-02,4.39E-03,17.8867
2123,2.47E-02,4.42E-03,17.9098
2124,2.48E-02,4.43E-03,17.9145
2125,2.50E-02,4.45E-03,17.9457
2126,2.52E-02,4.50E-03,17.9737
2127,2.54E-02,4.59E-03,18.0118
2128,2.57E-02,4.67E-03,18.0481
2129,2.60E-02,4.73E-03,18.0747
2130,2.63E-02,4.78E-03,18.1094
2131,2.65E-02,4.80E-03,18.1425
2132,2.66E-02,4.80E-03,18.1376
2133,2.67E-02,4.81E-03,18.1279
2134,2.68E-02,4.84E-03,18.1045
2135,2.69E-02,4.88E-03,18.0826
2136,2.70E-02,4.90E-03,18.0896
2137,2.71E-02,4.91E-03,18.0932
2138,2.73E-02,4.92E-03,18.0696
2139,2.74E-02,4.94E-03,18.0472
2140,2.75E-02,4.97E-03,18.0875
2141,2.76E-02,5.01E-03,18.2023
2142,2.76E-02,5.06E-03,18.3593
2143,2.76E-02,5.11E-03,18.4855
2144,2.76E-02,5.10E-03,18.4364
2145,2.76E-02,5.04E-03,18.2671
2146,2.76E-02,4.99E-03,18.1667
2147,2.73E-02,4.96E-03,18.1452
2148,2.70E-02,4.92E-03,18.1389
2149,2.68E-02,4.87E-03,18.1567
2150,2.65E-02,4.81E-03,18.135
2151,2.64E-02,4.76E-03,18.0632
2152,2.63E-02,4.74E-03,17.9969
2153,2.64E-02,4.75E-03,17.9772
2154,2.67E-02,4.79E-03,18.0196
2155,2.70E-02,4.88E-03,18.1107
2156,2.72E-02,4.97E-03,18.2151
2157,2.74E-02,5.02E-03,18.278
2158,2.74E-02,5.04E-03,18.2727
2159,2.72E-02,5.02E-03,18.2337
2160,2.70E-02,4.95E-03,18.2217
2161,2.66E-02,4.86E-03,18.2457
2162,2.64E-02,4.77E-03,18.2738
2163,2.62E-02,4.71E-03,18.2831
2164,2.62E-02,4.71E-03,18.2785
2165,2.62E-02,4.77E-03,18.2681
2166,2.64E-02,4.85E-03,18.2746
2167,2.66E-02,4.92E-03,18.3023
2168,2.67E-02,4.95E-03,18.3393
2169,2.69E-02,4.97E-03,18.3646
2170,2.70E-02,4.95E-03,18.3656
2171,2.70E-02,4.93E-03,18.3433
2172,2.70E-02,4.91E-03,18.3052
2173,2.69E-02,4.89E-03,18.2844
2174,2.67E-02,4.87E-03,18.2807
2175,2.66E-02,4.86E-03,18.2865
2176,2.65E-02,4.83E-03,18.2742
2177,2.64E-02,4.81E-03,18.2435
2178,2.64E-02,4.78E-03,18.2145
2179,2.62E-02,4.75E-03,18.1898
2180,2.59E-02,4.72E-03,18.1768
2181,2.55E-02,4.68E-03,18.1736
2182,2.51E-02,4.61E-03,18.187
2183,2.46E-02,4.52E-03,18.1921
2184,2.43E-02,4.43E-03,18.1905
2185,2.42E-02,4.38E-03,18.192
2186,2.42E-02,4.36E-03,18.2006
2187,2.44E-02,4.39E-03,18.2054
2188,2.47E-02,4.46E-03,18.2088
2189,2.49E-02,4.54E-03,18.2238
2190,2.51E-02,4.59E-03,18.2345
2191,2.51E-02,4.60E-03,18.2412
2192,2.50E-02,4.58E-03,18.2525
2193,2.47E-02,4.52E-03,18.2733
2194,2.43E-02,4.43E-03,18.277
2195,2.38E-02,4.34E-03,18.2587
2196,2.33E-02,4.26E-03,18.2271
2197,2.29E-02,4.18E-03,18.1873
2198,2.27E-02,4.12E-03,18.1438
2199,2.25E-02,4.08E-03,18.1029
2200,2.24E-02,4.05E-03,18.0753
2201,2.24E-02,4.03E-03,18.0564
2202,2.25E-02,4.03E-03,18.0496
2203,2.25E-02,4.05E-03,18.0551
2204,2.25E-02,4.09E-03,18.0659
2205,2.26E-02,4.10E-03,18.0716
2206,2.27E-02,4.12E-03,18.0823
2207,2.29E-02,4.14E-03,18.0986
2208,2.31E-02,4.19E-03,18.1094
2209,2.34E-02,4.24E-03,18.1092
2210,2.35E-02,4.27E-03,18.1057
2211,2.36E-02,4.28E-03,18.1055
2212,2.36E-02,4.28E-03,18.1128
2213,2.34E-02,4.25E-03,18.1241
2214,2.32E-02,4.22E-03,18.1254
2215,2.30E-02,4.19E-03,18.1213
2216,2.29E-02,4.16E-03,18.1167
2217,2.28E-02,4.15E-03,18.1247
2218,2.29E-02,4.14E-03,18.1487
2219,2.30E-02,4.14E-03,18.1781
2220,2.30E-02,4.14E-03,18.1968
2221,2.29E-02,4.14E-03,18.213
2222,2.28E-02,4.15E-03,18.2652
2223,2.26E-02,4.15E-03,18.3476
2224,2.25E-02,4.15E-03,18.4214
2225,2.24E-02,4.14E-03,18.4202
2226,2.24E-02,4.12E-03,18.3463
2227,2.23E-02,4.08E-03,18.2602
2228,2.23E-02,4.05E-03,18.2281
2229,2.23E-02,4.01E-03,18.2282
2230,2.22E-02,3.98E-03,18.2116
2231,2.21E-02,3.97E-03,18.1472
2232,2.20E-02,3.96E-03,18.0758
2233,2.18E-02,3.96E-03,18.0066
2234,2.16E-02,3.95E-03,17.9384
2235,2.15E-02,3.91E-03,17.8697
2236,2.15E-02,3.86E-03,17.8279
2237,2.14E-02,3.80E-03,17.7912
2238,2.13E-02,3.74E-03,17.7272
2239,2.12E-02,3.69E-03,17.6195
2240,2.11E-02,3.66E-03,17.5228
2241,2.10E-02,3.65E-03,17.5011
2242,2.08E-02,3.65E-03,17.5723
2243,2.07E-02,3.66E-03,17.6582
2244,2.06E-02,3.66E-03,17.672
2245,2.05E-02,3.61E-03,17.527
2246,2.05E-02,3.53E-03,17.2411
2247,2.05E-02,3.47E-03,16.9433
2248,2.05E-02,3.43E-03,16.7611
2249,2.04E-02,3.41E-03,16.7385
2250,2.03E-02,3.42E-03,16.8324
2251,2.03E-02,3.43E-03,16.9265
2252,2.02E-02,3.43E-03,16.946
2253,2.01E-02,3.41E-03,16.9284
2254,2.01E-02,3.40E-03,16.9653
2255,1.99E-02,3.40E-03,17.0533
2256,1.98E-02,3.38E-03,17.0838
2257,1.96E-02,3.33E-03,16.9505
2258,1.95E-02,3.24E-03,16.6388
2259,1.93E-02,3.15E-03,16.2578
2260,1.92E-02,3.07E-03,15.9637
2261,1.92E-02,3.03E-03,15.8377
2262,1.91E-02,3.02E-03,15.8404
2263,1.89E-02,3.02E-03,15.9208
2264,1.89E-02,3.02E-03,16.0269
2265,1.88E-02,3.03E-03,16.1079
2266,1.87E-02,3.03E-03,16.1504
2267,1.87E-02,3.03E-03,16.1801
2268,1.87E-02,3.03E-03,16.2007
2269,1.87E-02,3.02E-03,16.1803
2270,1.86E-02,3.00E-03,16.0948
2271,1.86E-02,2.97E-03,15.9529
2272,1.86E-02,2.93E-03,15.7766
2273,1.86E-02,2.91E-03,15.6185
2274,1.86E-02,2.89E-03,15.5486
2275,1.86E-02,2.90E-03,15.5831
2276,1.86E-02,2.91E-03,15.7018
2277,1.85E-02,2.93E-03,15.8393
2278,1.84E-02,2.92E-03,15.8995
2279,1.83E-02,2.90E-03,15.8327
2280,1.82E-02,2.86E-03,15.6577
2281,1.82E-02,2.80E-03,15.4266
2282,1.81E-02,2.76E-03,15.2232
2283,1.81E-02,2.73E-03,15.1178
2284,1.80E-02,2.72E-03,15.107
2285,1.80E-02,2.72E-03,15.1207
2286,1.79E-02,2.71E-03,15.0966
2287,1.78E-02,2.68E-03,15.0429
2288,1.76E-02,2.65E-03,15.0126
2289,1.74E-02,2.62E-03,15.0773
2290,1.71E-02,2.60E-03,15.2469
2291,1.68E-02,2.59E-03,15.4465
2292,1.65E-02,2.57E-03,15.5646
2293,1.63E-02,2.54E-03,15.5567
2294,1.62E-02,2.50E-03,15.4539
2295,1.61E-02,2.47E-03,15.3208
2296,1.61E-02,2.45E-03,15.2079
2297,1.61E-02,2.45E-03,15.1563
2298,1.62E-02,2.45E-03,15.1588
2299,1.63E-02,2.46E-03,15.1861
2300,1.64E-02,2.48E-03,15.2054
2301,1.65E-02,2.51E-03,15.1748
2302,1.65E-02,2.52E-03,15.0816
2303,1.66E-02,2.51E-03,14.9421
2304,1.66E-02,2.47E-03,14.7717
2305,1.67E-02,2.42E-03,14.5902
2306,1.66E-02,2.39E-03,14.4322
2307,1.67E-02,2.38E-03,14.3358
2308,1.67E-02,2.39E-03,14.3509
2309,1.67E-02,2.41E-03,14.4656
2310,1.67E-02,2.44E-03,14.6179
2311,1.67E-02,2.46E-03,14.735
2312,1.65E-02,2.44E-03,14.7782
2313,1.62E-02,2.38E-03,14.7092
2314,1.57E-02,2.28E-03,14.5036
2315,1.51E-02,2.15E-03,14.1917
2316,1.46E-02,2.04E-03,13.9896
2317,1.41E-02,1.99E-03,14.121
2318,1.37E-02,1.99E-03,14.5197
2319,1.35E-02,2.01E-03,14.9185
2320,1.33E-02,2.01E-03,15.0684
2321,1.34E-02,1.98E-03,14.8218
2322,1.35E-02,1.93E-03,14.3185
2323,1.37E-02,1.89E-03,13.8748
2324,1.39E-02,1.90E-03,13.6316
2325,1.42E-02,1.93E-03,13.5818
2326,1.44E-02,1.98E-03,13.7057
2327,1.46E-02,2.03E-03,13.9092
2328,1.47E-02,2.06E-03,14.0789
2329,1.46E-02,2.07E-03,14.194
2330,1.45E-02,2.07E-03,14.2871
2331,1.44E-02,2.07E-03,14.3877
2332,1.44E-02,2.09E-03,14.5157
2333,1.43E-02,2.10E-03,14.6741
2334,1.43E-02,2.12E-03,14.8272
2335,1.41E-02,2.10E-03,14.895
2336,1.38E-02,2.04E-03,14.8307
2337,1.34E-02,1.97E-03,14.6877
2338,1.29E-02,1.88E-03,14.535
2339,1.25E-02,1.81E-03,14.4606
2340,1.22E-02,1.76E-03,14.5105
2341,1.20E-02,1.75E-03,14.6227
2342,1.19E-02,1.75E-03,14.6773
2343,1.20E-02,1.75E-03,14.5788
2344,1.21E-02,1.73E-03,14.3211
2345,1.21E-02,1.69E-03,13.9607
2346,1.20E-02,1.63E-03,13.6082
2347,1.17E-02,1.58E-03,13.471
2348,1.14E-02,1.55E-03,13.6373
2349,1.10E-02,1.53E-03,13.9075
2350,1.06E-02,1.49E-03,14.0724
2351,1.04E-02,1.45E-03,13.9117
2352,1.03E-02,1.42E-03,13.7758
2353,1.05E-02,1.42E-03,13.621
2354,1.07E-02,1.46E-03,13.6351
2355,1.11E-02,1.54E-03,13.8496
2356,1.15E-02,1.62E-03,14.112
2357,1.19E-02,1.69E-03,14.2801
2358,1.22E-02,1.74E-03,14.2575
2359,1.24E-02,1.74E-03,14.0366
2360,1.26E-02,1.72E-03,13.6571
2361,1.26E-02,1.67E-03,13.2344
2362,1.25E-02,1.63E-03,12.9581
2363,1.23E-02,1.60E-03,12.9986
2364,1.20E-02,1.60E-03,13.3282
2365,1.16E-02,1.59E-03,13.742
2366,1.11E-02,1.55E-03,14.0609
2367,1.06E-02,1.49E-03,14.1403
2368,1.01E-02,1.40E-03,13.8748
2369,9.70E-03,1.31E-03,13.4601
2370,9.43E-03,1.26E-03,13.3451
2371,9.28E-03,1.27E-03,13.6737
2372,9.25E-03,1.30E-03,14.1128
2373,9.31E-03,1.33E-03,14.3341
2374,9.39E-03,1.33E-03,14.2162
2375,9.42E-03,1.29E-03,13.692
2376,9.35E-03,1.21E-03,12.8842
2377,9.15E-03,1.12E-03,12.2386
2378,8.86E-03,1.07E-03,12.1175
2379,8.50E-03,1.06E-03,12.4552
2380,8.17E-03,1.06E-03,12.9751
2381,7.89E-03,1.07E-03,13.6066
2382,7.63E-03,1.09E-03,14.2998
2383,7.43E-03,1.10E-03,14.7611
2384,7.30E-03,1.08E-03,14.7392
2385,7.26E-03,1.03E-03,14.2472
2386,7.31E-03,9.73E-04,13.3519
2387,7.44E-03,9.07E-04,12.2659
2388,7.64E-03,8.67E-04,11.403
2389,7.86E-03,8.77E-04,11.1448
2390,8.09E-03,9.47E-04,11.6645
2391,8.30E-03,1.06E-03,12.7646
2392,8.49E-03,1.19E-03,13.9804
2393,8.64E-03,1.29E-03,14.8737
2394,8.76E-03,1.33E-03,15.1766
2395,8.84E-03,1.31E-03,14.8195
2396,8.91E-03,1.25E-03,14.0302
2397,8.96E-03,1.18E-03,13.1772
2398,8.98E-03,1.14E-03,12.6526
2399,8.95E-03,1.14E-03,12.7491
2400,8.83E-03,1.18E-03,13.4113
2401,8.61E-03,1.22E-03,14.2595
2402,8.26E-03,1.22E-03,14.7751
2403,7.82E-03,1.15E-03,14.6729
2404,7.34E-03,1.04E-03,13.9862
2405,6.88E-03,9.05E-04,12.98
2406,6.51E-03,8.00E-04,12.206
2407,6.25E-03,7.60E-04,12.2418
2408,6.07E-03,7.82E-04,12.9887
2409,5.96E-03,8.17E-04,13.7604
2410,5.84E-03,8.24E-04,14.0858
2411,5.66E-03,8.00E-04,14.0935
2412,5.41E-03,7.52E-04,13.8541
2413,5.10E-03,6.80E-04,13.3233
2414,4.77E-03,6.10E-04,12.8047
2415,4.48E-03,5.54E-04,12.3603
2416,4.30E-03,4.91E-04,11.4676
2417,4.28E-03,4.35E-04,10.3604
2418,4.42E-03,4.55E-04,10.2814
2419,4.69E-03,5.57E-04,11.5527
2420,5.02E-03,6.78E-04,13.0911
2421,5.36E-03,7.66E-04,14.0508
2422,5.68E-03,7.99E-04,14.1242
2423,6.00E-03,7.66E-04,13.0543
2424,6.32E-03,6.83E-04,11.0635
2425,6.66E-03,6.25E-04,9.3935
2426,6.99E-03,6.82E-04,9.6187
2427,7.20E-03,7.32E-04,9.9256
2428,7.28E-03,8.19E-04,11.2295
2429,7.17E-03,8.98E-04,12.7903
2430,6.86E-03,9.18E-04,13.684
2431,6.40E-03,8.52E-04,13.2664
2432,5.85E-03,7.24E-04,11.9332
2433,5.30E-03,5.88E-04,10.5605
2434,4.86E-03,4.84E-04,9.5987
2435,4.63E-03,4.36E-04,9.2426
2436,4.63E-03,4.51E-04,9.523
2437,4.87E-03,5.17E-04,10.2884
2438,5.26E-03,6.20E-04,11.5152
2439,5.67E-03,7.25E-04,12.7556
2440,5.94E-03,7.72E-04,13.0636
2441,5.96E-03,7.47E-04,12.4558
2442,5.72E-03,6.87E-04,11.9374
2443,5.22E-03,6.17E-04,11.9812
2444,4.55E-03,5.44E-04,12.4624
2445,3.84E-03,4.83E-04,13.2503
2446,3.16E-03,4.25E-04,13.8301
2447,2.63E-03,3.67E-04,13.9505
2448,2.30E-03,3.39E-04,14.4154
2449,2.14E-03,3.52E-04,15.561
2450,2.15E-03,3.79E-04,16.5285
2451,2.30E-03,4.03E-04,16.7608
2452,2.58E-03,4.26E-04,16.4289
2453,3.00E-03,4.46E-04,15.5827
2454,3.50E-03,4.70E-04,14.509
2455,4.01E-03,5.25E-04,13.9038
2456,4.46E-03,5.96E-04,13.6244
2457,4.77E-03,6.40E-04,13.1201
2458,4.90E-03,6.57E-04,12.8614
2459,4.84E-03,6.61E-04,13.1713
2460,4.60E-03,6.32E-04,13.3082
2461,4.24E-03,5.71E-04,13.0331
2462,3.85E-03,5.05E-04,12.9097
2463,3.52E-03,4.37E-04,12.6215
2464,3.30E-03,3.75E-04,11.7395
2465,3.17E-03,3.48E-04,11.0809
2466,3.07E-03,3.46E-04,10.9293
2467,2.92E-03,3.31E-04,10.934
2468,2.75E-03,3.23E-04,12.2029
2469,2.54E-03,3.52E-04,15.3824
2470,2.33E-03,4.00E-04,19.1568
2471,2.15E-03,4.51E-04,22.4966
2472,2.00E-03,4.89E-04,24.7392
2473,1.91E-03,4.83E-04,24.6189
2474,1.86E-03,4.30E-04,22.3463
2475,1.81E-03,3.66E-04,20.0443
2476,1.73E-03,3.00E-04,17.607
2477,1.63E-03,2.22E-04,13.5028
2478,1.51E-03,1.59E-04,9.7966
2479,1.39E-03,1.39E-04,9.6091
2480,1.28E-03,1.49E-04,12.3063
2481,1.17E-03,1.64E-04,16.0435
2482,1.03E-03,1.72E-04,19.5788
2483,8.98E-04,1.58E-04,20.1156
2484,7.88E-04,1.31E-04,17.2131
2485,7.05E-04,1.23E-04,16.109
2486,6.48E-04,1.34E-04,18.8453
2487,6.21E-04,1.40E-04,22.5339
2488,6.15E-04,1.54E-04,27.2883
2489,6.19E-04,1.92E-04,33.8806
2490,6.23E-04,2.30E-04,39.3278
2491,6.13E-04,2.43E-04,41.0204
2492,5.92E-04,2.19E-04,37.6455
2493,5.91E-04,1.59E-04,28.0319
2494,6.36E-04,9.48E-05,16.1757
2495,7.16E-04,7.32E-05,9.5716
2496,7.96E-04,9.51E-05,9.806
2497,8.70E-04,1.38E-04,13.5017
2498,9.34E-04,1.89E-04,18.5122
2499,9.83E-04,2.35E-04,23.4287
2500,1.01E-03,2.68E-04,26.8548